# Blender 4.2.1 LTS
# www.blender.org
mtllib coralver.mtl
o 10010_Coral_v1_L3
v 4.867167 11.283196 8.510671
v 1.465441 11.979549 8.376135
v 2.277680 18.057884 11.642225
v 7.995483 19.140917 12.600079
v 8.586096 23.125307 14.427874
v 10.523845 12.642304 9.689386
v 12.201545 21.297853 11.721995
v 15.394406 17.328901 11.140835
v 11.791422 25.068163 13.796385
v 19.095776 20.038916 10.978370
v 20.438711 27.909456 13.100916
v 11.865331 27.855896 14.241313
v 14.366454 34.019413 16.122820
v 12.514550 35.040791 15.472103
v 8.424249 30.135340 15.239882
v 17.232273 36.083027 14.426779
v 3.422865 3.568494 0.643035
v 10.477015 35.792049 16.180885
v 15.922651 22.632122 12.093271
v 10.305427 24.675642 13.782637
v 0.443307 25.110746 15.098413
v -2.239308 25.797293 16.115473
v 2.632567 25.145960 14.247502
v 1.664979 29.270538 16.396814
v -1.359924 31.872036 18.632391
v 4.489396 32.758949 18.553160
v 0.370288 19.709011 13.076670
v 0.151065 19.161158 14.834449
v -3.869569 25.352112 16.924782
v -3.665052 28.336151 18.880939
v 0.675080 29.132174 18.809752
v -1.656275 31.725437 19.999575
v -5.818510 31.776373 20.716648
v -2.668642 35.144009 20.309042
v 1.389470 31.650515 19.259504
v 2.537011 33.101063 19.178440
v 1.860634 38.770927 21.682852
v 4.213579 35.100525 21.122997
v 6.730795 35.990807 20.922337
v 3.779297 27.107063 16.746012
v 9.594905 26.706928 18.939760
v 10.427130 25.613317 19.517733
v 4.473956 23.147833 14.680837
v 5.047208 16.302000 11.698835
v 6.325105 21.281490 15.074488
v 8.358103 18.930470 13.839942
v 8.176328 29.533352 17.167650
v 6.792766 32.789936 16.496508
v 11.440334 30.530228 15.276877
v 8.175071 38.385338 17.727142
v 11.139189 36.730984 15.523841
v 12.893261 41.887253 14.583641
v 18.820086 35.494270 14.265497
v 22.304085 34.286198 14.591927
v 17.861082 32.664185 15.547788
v 15.017637 28.512381 14.265023
v 17.678230 28.409168 14.407913
v 15.334922 24.217636 12.937659
v 18.647152 24.256927 13.005308
v 14.328589 19.490421 11.491767
v 13.011198 16.209229 10.003416
v 9.996527 15.270539 10.329635
v 9.959981 14.573995 11.042651
v 6.348047 12.023823 9.304950
v -1.005735 2.333737 0.442386
v -0.493866 1.541887 2.242080
v 4.569926 10.033714 10.374393
v 1.879395 13.733026 13.964054
v 0.332002 24.218922 16.618742
v 8.259920 14.881467 12.948038
v 5.560958 16.012331 13.577918
v 13.268044 17.197643 12.347268
v 12.067890 24.550816 15.333992
v 15.453601 27.769125 15.970418
v 16.588280 26.299080 15.834212
v 21.394476 27.863531 14.253675
v 12.201305 27.241907 16.135496
v 22.697437 31.318966 14.648570
v 13.674232 29.642046 17.150175
v 10.290033 30.408630 17.818148
v 17.359690 34.726910 16.690409
v 11.264668 31.294392 16.960369
v 15.752512 22.097010 13.872484
v 4.456738 22.909668 16.245504
v -3.932706 24.508240 18.372330
v 2.654523 29.211330 19.859671
v -2.870139 34.982906 20.995226
v 2.493948 32.313671 20.308414
v -0.391131 9.202800 10.173281
v 3.687827 26.537109 17.611874
v 4.125307 15.907493 13.441814
v 10.815965 21.838024 13.971136
v 10.589873 24.416483 15.514629
v 7.215373 32.833469 18.233782
v 11.337513 36.240646 17.901926
v 13.594666 38.420574 16.448103
v 13.066546 34.822315 16.924936
v 19.897928 41.447453 11.991694
v 18.678150 20.178764 12.939085
v 13.554067 19.491472 13.893033
v 13.311813 15.270068 11.407081
v 3.544362 1.726790 2.530326
v -0.884462 -2.279399 12.992195
v -6.233768 -1.598508 10.377945
v -4.989129 -1.978406 15.402105
v -7.201795 -5.591424 22.359589
v -9.927270 -1.390540 10.273271
v -14.555147 -3.877063 16.179003
v -13.975007 -2.595405 10.005171
v -17.194258 -3.367182 12.042346
v -25.158550 -4.855279 14.733315
v -18.678606 -4.481948 20.170275
v -22.204079 -4.428140 18.189341
v -24.539110 -4.016120 16.509483
v -25.072226 -4.134590 22.948555
v -25.644045 -5.408426 24.853525
v -29.886881 -5.530713 20.133307
v -27.377916 -4.855182 19.563711
v -17.341621 -5.477162 25.746368
v -21.501432 -5.375407 21.256077
v -6.525431 -2.617867 14.716220
v -13.563971 -3.195337 11.411852
v -24.681295 -6.039900 26.622398
v -16.756367 -4.758834 15.615424
v -15.563950 -4.429507 18.670776
v -4.936054 -5.176317 28.857557
v -16.289154 -0.541088 22.241070
v -11.658611 -3.922000 26.082218
v -13.467022 -3.849233 38.820511
v -11.251081 -4.764328 33.982033
v -11.114592 -5.613405 28.158428
v 4.528025 0.926126 0.966390
v 1.803349 -0.903331 12.565534
v -3.204599 -3.844245 20.036297
v -2.648409 -2.659776 30.257507
v -6.607437 -3.772041 33.636074
v -8.055366 -4.013081 37.802658
v -11.002437 -3.217183 35.128670
v -13.122134 -3.143419 38.845566
v -13.163945 -3.986141 32.049194
v -15.313581 -3.524933 32.159294
v -20.095778 -1.439551 37.803013
v -18.340849 -2.553978 32.605537
v -20.640718 -1.459988 31.600849
v -10.400592 -1.950719 22.202660
v -8.953390 -4.248586 21.612232
v -9.859458 -3.399699 18.914310
v -13.080323 -3.237159 19.022451
v -10.427234 -3.017165 15.835049
v -17.104746 -2.966886 18.654768
v -18.632799 -5.059862 27.823101
v -20.398481 -4.240826 23.364849
v -23.695147 -4.505411 27.122841
v -24.272272 -4.221864 30.976864
v -32.299427 -4.085861 16.813164
v -22.367872 -2.577594 18.542355
v -27.503891 -3.783092 13.842178
v -20.360014 -4.636522 15.387976
v -22.303356 -3.936600 12.620590
v -21.462240 -3.305379 9.916172
v -16.752676 -1.958617 10.123048
v -10.102071 -0.719996 8.872843
v -3.646364 -0.589831 9.150586
v -0.756553 1.472124 0.678942
v 4.875766 2.702719 1.256265
v -4.299550 0.924914 11.027377
v -4.535124 0.412647 15.846219
v 0.234043 2.966184 0.524522
v -0.242116 1.250189 14.894990
v -7.496748 -1.713054 21.597965
v -6.294784 -0.024211 15.083310
v -14.493653 -1.113077 11.503758
v -14.795392 -2.084708 16.522390
v -10.598307 -1.619683 15.873066
v -16.595793 -1.526711 12.740716
v -17.680744 -1.500657 14.716223
v -21.640600 -1.874860 10.130690
v -22.608412 -2.497488 13.098998
v -24.352701 -1.891220 16.240093
v -30.710230 -3.465632 15.027306
v -22.668474 -2.242552 21.682360
v -20.445911 -2.718178 23.050850
v -25.144566 -3.608019 24.803040
v -17.477274 -2.642397 24.380524
v -18.797985 -3.259321 28.225542
v -30.266493 -5.375402 21.540802
v -25.124926 -3.185532 27.068277
v -29.013096 -4.556595 26.359688
v -15.693788 -2.506225 19.177416
v -6.779236 -4.231628 26.829273
v -4.779406 -3.336140 29.172554
v -11.043684 -2.672529 26.147381
v -12.606666 -1.688262 30.805326
v -10.369140 -3.343593 30.702042
v -8.021401 -3.170511 38.344479
v -20.383753 -0.578102 31.942636
v -15.366355 -1.873459 32.858631
v -3.291185 -2.310448 22.059349
v -18.240791 -1.127494 33.266411
v -16.584082 1.214105 22.085238
v -9.335239 -1.468386 18.838549
v -19.064922 -2.656680 20.237837
v -31.000366 -6.455139 28.191950
v -35.766468 -7.651873 21.402803
v -27.658209 -2.618631 20.334541
v -20.880560 -2.156222 15.864178
v -27.475597 -2.884648 14.139481
v -19.654474 -3.738271 13.682570
v -13.831223 -0.868922 9.980903
v -11.591228 -0.952179 10.985451
v 0.320399 0.195141 0.273273
v -4.012376 3.388659 14.094156
v -9.263760 4.589857 14.496305
v -8.432483 6.182145 16.834114
v -16.699638 7.019251 15.572991
v -11.183468 8.255752 21.340893
v -13.521277 7.571670 18.657082
v -16.777998 6.910826 13.546284
v -19.645369 8.993110 13.186855
v -19.524502 9.332490 18.776783
v -18.299210 12.307789 22.583065
v -24.695457 13.869921 19.841778
v -23.348320 14.780746 21.405510
v -17.615061 16.373798 32.208920
v -23.643709 18.513279 27.299999
v -21.542189 13.248869 23.321335
v -26.437254 19.162386 24.098040
v -27.174242 21.578716 24.288351
v -23.176003 19.789400 32.058212
v -25.766544 22.641518 31.774572
v -17.363708 10.893107 22.938450
v -9.695525 7.071719 25.799931
v -5.119333 6.259397 22.897089
v -4.129646 9.716655 30.748512
v -11.510081 11.766442 32.277668
v -11.551740 11.260682 29.001701
v -15.392730 16.028057 24.491930
v -9.373024 13.702341 35.908188
v -15.861137 21.275822 34.248520
v -11.111479 15.281766 34.452526
v -12.963410 23.423027 39.703934
v 1.891876 0.320827 0.850103
v -2.910639 8.919941 30.476610
v -2.063389 9.894066 29.562540
v -4.407938 11.376489 33.860931
v -3.664041 12.483954 33.895805
v -7.679069 8.372760 28.621035
v -9.593013 12.240510 33.147102
v -2.769121 14.547060 38.515377
v -8.419072 17.307016 40.273006
v -13.340373 18.641443 36.033253
v -10.341798 8.854689 24.407206
v -14.729281 10.646519 22.660898
v -13.102062 9.033025 18.620176
v -16.991819 9.615505 20.195457
v -16.685184 12.620613 22.367552
v -19.947451 13.255530 24.223429
v -17.332996 14.371679 30.297503
v -16.879238 17.869177 31.718149
v -20.611187 16.208918 28.066698
v -23.127237 20.236889 29.273451
v -27.513912 21.369564 26.468603
v -31.729681 25.592791 27.430649
v -28.843523 21.667158 20.634640
v -22.989090 16.509296 23.047993
v -28.016512 18.982796 18.828215
v -26.529718 16.998692 17.425518
v -26.754374 16.213495 17.577866
v -22.011166 12.193974 19.410593
v -23.814417 10.688960 13.188561
v -19.111467 9.280447 15.529301
v -17.433538 9.137990 14.327341
v -17.011795 8.422734 12.454619
v -13.793063 6.374837 13.017282
v -9.041853 4.891943 12.011952
v -2.686779 -0.019463 1.499717
v 2.009246 2.134082 0.214745
v -3.738671 7.610207 15.417502
v -8.719070 6.362269 11.760241
v -1.133195 2.079598 0.208118
v -8.326892 7.579081 16.454714
v -13.252658 8.308850 13.970980
v -10.848246 9.706787 20.495947
v -16.473410 11.091470 19.476807
v -18.284615 11.788500 17.403093
v -23.037750 13.560599 15.951843
v -22.950474 11.712814 13.034947
v -27.242889 19.419916 18.644825
v -22.372301 16.150278 20.759872
v -15.948148 17.027885 31.201794
v -25.180740 21.800005 25.492828
v -25.040270 20.618816 23.626575
v -22.463179 19.700089 27.087847
v -19.262484 17.194426 25.866991
v -20.906696 20.607811 31.787094
v -20.287050 22.293800 35.428604
v -24.973528 23.789244 31.168293
v -8.032442 9.434604 22.044226
v -10.872547 11.257305 24.339731
v -4.478854 7.683780 23.460566
v -10.839292 12.730936 28.651333
v -8.894107 14.494061 31.232901
v -7.027240 14.486946 34.340698
v -10.752539 16.740240 33.782448
v -6.802472 10.233438 27.885933
v -7.544245 17.962317 39.957447
v -13.291679 20.860807 35.197853
v -15.348426 22.190720 34.009285
v -15.005904 16.816931 23.194088
v -18.702494 14.509295 23.801071
v -19.099077 16.562904 28.515146
v -21.924559 22.121428 31.227186
v -21.313854 14.299055 19.116661
v -21.118557 12.202991 17.451227
v -23.839752 12.631361 16.933004
v -14.086022 6.320466 11.139291
v -2.876936 2.668898 0.872718
v 6.242860 1.139795 9.876176
v 14.007100 3.246568 22.965693
v 9.266517 2.922142 13.464383
v 11.704022 4.894238 15.394422
v 17.325375 8.667788 21.055056
v 10.824770 10.164406 10.143019
v 11.140246 10.270741 13.403560
v 16.936680 14.295080 21.255653
v 14.039886 15.495105 13.555164
v 14.239326 14.792610 16.502192
v 18.177168 12.473212 22.089569
v 15.717752 20.079870 14.852072
v 16.223135 16.282927 18.675844
v 19.796164 19.302990 22.456560
v 20.426792 12.822669 24.510702
v 21.446089 16.309881 24.194159
v 22.441736 18.816267 23.361010
v 21.226801 13.825115 25.900469
v 25.573322 8.022798 30.532461
v 26.658522 15.067482 29.309010
v 27.889118 13.238540 32.383495
v 28.283670 19.807417 30.605362
v 32.628910 8.772914 34.557045
v 15.884097 0.723749 25.415886
v 16.633991 -3.991134 26.260454
v 19.562138 3.778736 26.160769
v 20.620184 2.839284 28.903082
v 24.817211 2.044010 30.235687
v 24.052584 -1.207148 31.644840
v 28.588707 -3.218503 34.403973
v 25.284050 -7.104553 32.329216
v 31.765673 5.665874 31.366529
v 30.049034 3.472621 31.940550
v 35.371548 0.605543 34.646168
v 2.195640 -1.392466 1.307403
v 12.383807 -0.064385 19.912863
v 14.511606 -1.197695 20.768341
v 17.812492 -2.548611 27.194921
v 20.991877 1.051694 29.130377
v 24.044279 8.705841 22.465240
v 16.525694 4.836068 22.206085
v 15.857555 2.639153 19.270197
v 14.937904 5.883687 19.824461
v 13.752203 8.086898 17.494442
v 15.863476 11.278835 19.557411
v 17.394300 11.100643 22.109791
v 21.822836 12.077278 23.723351
v 22.517509 8.363508 28.204239
v 27.077009 6.916750 29.717592
v 24.481155 12.069164 28.160290
v 28.735470 11.620923 32.025711
v 30.909563 12.375684 32.841690
v 35.397873 15.249288 37.358597
v 31.111271 15.232201 34.210911
v 33.440189 23.485058 35.945995
v 26.050631 19.088991 27.520313
v 22.019611 22.584763 21.734266
v 18.633453 17.019836 20.555643
v 17.779972 19.285105 19.084421
v 12.820410 13.229235 14.518226
v 14.328244 12.978014 13.848378
v 12.196193 13.824767 12.969462
v 9.406500 6.309762 10.675854
v 7.894793 4.217973 8.864902
v 4.349376 3.700394 0.869740
v 2.697374 3.116315 1.356618
v 11.597752 -0.566135 12.467414
v 10.108383 3.708866 9.497546
v 11.642852 2.735161 11.400387
v 17.292746 13.649787 16.574192
v 13.026605 3.674933 14.507728
v 17.381325 11.091508 18.604164
v 14.996750 7.806401 16.884560
v 19.799175 12.053955 21.336720
v 23.006113 22.397305 21.646393
v 22.144833 16.740511 20.898581
v 22.859949 17.177277 22.337646
v 24.262386 14.989343 23.656057
v 25.933050 24.044218 24.289185
v 25.123049 11.159806 27.201687
v 24.541332 8.894944 26.015148
v 29.646595 20.364414 28.948303
v 27.895975 14.620465 28.366264
v 28.441397 24.067539 27.145082
v 30.789103 11.703576 31.041090
v 18.052568 15.814615 18.254267
v 19.460506 10.444351 21.633789
v 18.101805 3.981102 21.921040
v 18.862289 -5.306164 25.625071
v 24.444555 8.438253 21.353373
v 25.744411 -2.696664 31.158724
v 23.695732 -2.789172 30.078474
v 22.604383 0.604350 26.735971
v 28.638430 1.475362 30.456854
v 8.401299 -1.842297 10.040109
v 21.482941 -4.489482 29.161749
v 17.739889 -0.121351 24.766506
v 29.589209 -3.984060 34.058861
v 25.699959 -0.052299 29.922567
v 31.350313 2.679678 31.068981
v 32.689278 5.129468 30.867085
v 20.800875 3.004737 25.354275
v 16.315624 5.549072 18.928926
v 29.909351 14.023235 30.629774
v 30.467661 18.968494 30.029102
v 28.304247 18.239883 26.836849
v 19.312874 18.710091 18.313963
v 15.506479 14.256300 15.488333
v 13.592065 13.278736 12.106833
v 13.317351 10.663321 12.467775
v 11.594792 9.538407 11.514404
v 4.689290 2.056951 -0.094234
v 3.786037 -1.671164 0.685385
v 8.625478 -6.307081 11.422880
v 6.323431 -6.528693 16.043394
v 11.764204 -9.227582 12.540405
v 11.288690 -10.046656 17.724575
v 14.320980 -9.841296 13.092353
v 14.127965 -12.259242 19.507114
v 17.140564 -13.116476 12.696695
v 16.417774 -12.714839 19.049036
v 17.067091 -12.770639 15.721243
v 15.418156 -14.227668 22.351530
v 18.395590 -14.852686 18.382111
v 21.138733 -17.579088 22.557917
v 17.747389 -20.217964 32.648026
v 22.907125 -21.975174 28.848042
v 16.788179 -16.684006 26.959768
v 18.771191 -20.279053 30.054407
v 5.483487 0.000480 1.079079
v 15.274568 -11.503633 14.073488
v 13.310826 -21.959383 37.491722
v 20.156557 -24.910521 39.671158
v 21.125422 -16.467270 18.268135
v 13.987592 -13.349970 22.643909
v 7.165755 -8.027577 24.808554
v 4.817088 -8.490155 27.269182
v 0.475789 -7.310521 28.916405
v 3.854492 -5.589689 20.506636
v 7.497066 -12.346924 27.865232
v 6.802203 -11.934298 31.105848
v 9.274261 -21.561266 35.002743
v -1.411524 -8.784460 28.817940
v 1.762541 -8.858614 29.362997
v 4.169440 -12.335483 30.758953
v 1.970991 -15.382101 38.622417
v 6.330902 -16.603706 34.410778
v 7.571988 -19.134985 35.578522
v 11.027390 -18.016251 23.977942
v 7.028049 -8.209896 16.358250
v 8.854905 -10.006460 20.725746
v 8.457083 -11.560275 19.732903
v 11.296595 -12.733191 21.834856
v 10.618516 -10.586372 18.443310
v 13.117209 -13.548555 18.805122
v 15.723577 -15.718182 24.895788
v 12.097459 -15.338408 30.079176
v 11.962098 -17.063240 32.555859
v 10.650776 -18.394976 32.001728
v 13.720179 -18.306013 29.078669
v 16.421579 -20.210627 34.778614
v 15.070619 -21.435865 33.534508
v 22.762606 -23.374111 31.523651
v 27.879776 -26.274857 36.200466
v 21.614424 -23.310957 27.151825
v 19.293823 -18.523735 25.352888
v 18.604843 -18.996855 23.968735
v 24.432173 -20.491516 20.966356
v 19.620596 -16.231941 20.623907
v 21.562838 -15.225737 14.569610
v 11.794675 -9.144722 9.868591
v 7.805377 -7.863897 10.586763
v 6.368960 -4.167555 9.208261
v 5.502743 -5.984941 8.865857
v 5.608738 -1.735739 0.768216
v 1.042450 1.938445 1.779171
v 3.817005 -1.898757 -0.038423
v 0.719553 -5.413371 13.110164
v 10.907007 -9.981679 12.052483
v 4.699823 -8.527993 14.712587
v 14.162600 -12.621526 13.560740
v 14.558777 -14.844838 17.506376
v 20.855120 -16.336727 13.651931
v 14.798988 -17.125565 24.315737
v 20.333261 -19.971603 22.697945
v 25.899780 -23.736698 23.657074
v 11.439761 -17.467819 28.095783
v 14.898063 -18.805773 29.157677
v 16.055960 -19.881758 25.992617
v 17.626690 -21.518085 29.413465
v 26.415693 -24.987125 26.842339
v 19.791904 -24.586853 36.259277
v 15.941784 -22.944504 33.786678
v 18.775438 -19.416079 21.265539
v 17.651485 -16.032127 17.578434
v 20.844315 -17.928989 17.877480
v 12.860819 -14.866687 22.010458
v 7.058339 -10.826329 22.904459
v 6.700128 -13.449894 27.065157
v 2.442560 -7.270278 21.746744
v 0.020540 -10.600425 32.646759
v 4.495832 -10.762667 25.723392
v 10.171065 -18.755285 23.237698
v 4.945327 -15.289688 29.915216
v 4.287344 -15.272310 33.704330
v 2.348558 -13.718290 32.842995
v 3.638396 -9.673091 26.851675
v 5.259384 -17.878332 34.234207
v 8.607482 -22.175982 34.780369
v -2.152407 -12.274785 36.965599
v 0.925044 -16.240578 38.979504
v 5.127386 -21.996950 40.008007
v 6.359087 -20.299471 35.149002
v 14.389011 -15.651317 21.705116
v 16.780333 -21.247570 34.876461
v 17.228308 -22.118464 32.036545
v 21.491585 -24.186430 29.982420
v 23.860926 -23.968834 29.720945
v 24.005440 -21.293468 20.817095
v 17.946686 -17.554790 19.881977
v 16.147825 -14.488717 15.173957
v 14.135475 -11.665979 11.569917
v 0.384998 0.311067 1.058872
v 1.936808 0.308772 3.088374
v -6.222503 -5.548857 12.758924
v -6.752527 -9.097992 15.517690
v -0.247527 -12.392132 19.695047
v -4.466976 -16.136082 22.475126
v 1.580293 -11.791706 18.368095
v 2.740978 -14.425557 19.787621
v -0.094031 -14.939928 21.499681
v -6.507504 -19.770056 22.977428
v -1.947244 -20.364136 24.957291
v -0.865002 -17.595760 23.938681
v -1.685794 -23.240540 27.289888
v -7.597045 -22.181984 24.530848
v -3.432027 -24.015182 26.297606
v 0.615944 -29.791561 29.243935
v -11.255933 -31.831892 26.010847
v -5.094381 -30.408695 28.329643
v -13.456736 -32.744835 25.834017
v -7.248781 -18.098698 22.658096
v -16.419870 -34.444908 21.960981
v -12.159611 -36.509262 26.748386
v -13.894694 -40.725849 26.043634
v -13.448452 -11.529263 18.941532
v -21.786646 -14.105541 16.280743
v -15.901811 -18.610224 20.346682
v -22.353655 -22.782314 18.572886
v -26.444477 -21.964733 15.267914
v -18.706095 -29.159594 18.546621
v -16.796152 -17.084879 20.747391
v -18.248070 -21.465258 20.677904
v -16.145220 -31.438900 18.235928
v -7.549433 -2.302938 8.993070
v -23.643307 -18.793560 15.895978
v -20.809406 -15.732594 17.360735
v -17.860004 -15.304945 18.640251
v -19.582216 -20.096336 18.884508
v -25.517946 -26.885271 15.892101
v -19.434673 -24.192673 18.935894
v -8.365955 -22.424320 18.757294
v -12.164338 -15.629150 19.257263
v -12.284571 -15.716388 17.844563
v -9.038537 -12.830059 18.136223
v -9.111710 -14.571171 17.414431
v -5.800028 -13.466282 16.901100
v -5.867185 -13.209305 18.622229
v -13.201989 -23.661697 23.407972
v -15.659750 -26.051193 21.755466
v -15.209065 -27.303013 22.681364
v -11.221251 -25.689703 24.178484
v -9.924797 -25.839972 25.511486
v -13.014074 -31.892292 23.423624
v -9.085424 -29.847237 26.285118
v -7.484125 -41.968311 31.777807
v -0.836344 -33.626572 29.915382
v -5.355724 -23.476637 26.260550
v -1.811766 -21.864704 23.173586
v 1.435964 -20.245838 25.349455
v 4.804739 -17.357958 23.393064
v 1.503229 -12.515885 16.968626
v -0.293738 -11.356088 16.335344
v -0.773628 -9.715314 15.597427
v -2.750700 -6.836252 13.166965
v 2.578805 -1.294949 3.419678
v -1.375429 1.704682 1.016536
v -5.053036 -6.544926 9.002231
v -7.275805 -10.042840 13.832468
v 0.053190 -14.074884 18.117754
v -4.987433 -16.957504 20.291679
v 0.172692 -16.501289 19.936766
v -4.121060 -19.973192 21.461218
v 4.624282 -18.402630 22.490231
v 0.068679 -25.671652 25.389812
v -7.103705 -23.045809 22.558893
v -5.068737 -30.200085 25.716801
v 2.161840 -26.176847 27.925678
v 1.143605 -30.161514 28.508989
v -9.535849 -27.278675 22.889050
v -14.680725 -27.589241 21.234997
v -5.203490 -33.136795 26.666525
v -11.175457 -24.044294 21.394489
v -8.199761 -30.515272 25.036707
v -12.341712 -33.777603 23.550283
v -11.305123 -36.744812 25.498434
v -0.420266 -19.158165 22.237616
v 1.448620 -21.441458 24.691793
v -6.924478 -19.390818 21.066813
v -17.514559 -15.592378 17.331758
v -15.508052 -11.392832 15.026110
v -21.623898 -14.727263 14.177815
v -15.890414 -20.674845 18.113611
v -14.849420 -19.617830 18.617601
v -17.440620 -23.322105 17.057411
v -19.471390 -21.492342 17.402969
v -18.394211 -29.275663 16.745451
v -14.003551 -9.775325 14.638086
v -19.161921 -25.440435 17.436512
v -26.962721 -22.144547 13.935199
v -21.321150 -24.355000 16.873323
v -25.347391 -27.009066 14.816992
v -8.295580 -22.901548 17.841888
v -12.582910 -13.634904 15.929212
v -8.350786 -16.987242 20.582455
v -10.874417 -26.131334 22.163216
v -10.224096 -31.677111 24.212856
v -7.132195 -34.741978 28.683449
v -4.989635 -33.904736 29.100027
v -3.998532 -24.811146 24.250755
v -2.360121 -25.310059 25.428148
v 1.275265 -26.623932 27.936382
v 0.872294 -9.494295 14.405637
v -2.104384 -5.028355 9.280184
v -3.288660 -8.126275 11.476513
v 1.644192 -1.901369 1.543499
v -1.773965 0.109908 0.044727
v -29.929733 -3.778782 19.912493
v -26.876543 25.451008 34.161694
v -7.454029 15.147653 36.676270
v -23.300705 -23.557680 16.073362
v -21.397108 -32.894382 15.237409
v 2.303661 -13.625664 35.608482
vn -0.0251 0.6208 -0.7836
vn 0.5345 0.0495 -0.8437
vn -0.6170 -0.2649 -0.7410
vn 0.6303 -0.7727 -0.0752
vn 0.8266 -0.4351 -0.3570
vn 0.4149 -0.5057 -0.7564
vn 0.6199 0.1401 -0.7721
vn -0.1645 0.7928 -0.5868
vn -0.2213 0.6193 -0.7533
vn 0.4026 0.9046 0.1401
vn -0.2542 0.3937 -0.8834
vn 0.0567 0.6768 -0.7340
vn 0.6567 -0.4162 -0.6289
vn 0.4546 -0.4297 -0.7802
vn -0.1302 0.9747 0.1815
vn 0.3149 -0.0764 -0.9461
vn 0.2243 0.2692 -0.9366
vn -0.4811 0.4174 -0.7710
vn -0.5594 -0.1970 -0.8052
vn -0.7069 0.6928 -0.1428
vn 0.7836 -0.5584 0.2723
vn 0.6866 0.1764 -0.7053
vn -0.0469 0.9671 0.2499
vn -0.7077 0.4845 -0.5142
vn -0.5904 -0.0411 -0.8060
vn 0.3711 -0.2024 -0.9063
vn 0.4185 0.1204 -0.9002
vn -0.5796 0.2599 -0.7723
vn 0.4635 0.8733 0.1499
vn -0.7721 0.5401 -0.3350
vn -0.8562 0.4470 -0.2592
vn 0.0557 0.3921 -0.9182
vn 0.8276 0.3998 -0.3939
vn 0.5645 0.8138 0.1383
vn 0.7693 0.0164 -0.6387
vn 0.8641 -0.1402 0.4834
vn -0.3737 0.4058 -0.8341
vn -0.5203 0.3420 -0.7825
vn -0.4924 0.8703 -0.0066
vn -0.9268 0.1605 0.3395
vn -0.8095 -0.3599 0.4640
vn -0.7597 0.0623 -0.6473
vn 0.2212 0.4641 -0.8577
vn -0.4614 0.5554 -0.6918
vn 0.2671 0.4299 -0.8625
vn -0.6850 0.4617 -0.5635
vn -0.2988 0.9095 0.2891
vn 0.4377 0.4726 0.7649
vn -0.6582 -0.4736 0.5852
vn -0.0632 0.6652 -0.7440
vn -0.8566 0.0800 -0.5097
vn -0.3712 -0.0733 0.9257
vn 0.2234 -0.2354 0.9459
vn 0.3482 -0.6410 0.6840
vn 0.3470 0.4562 0.8194
vn -0.5890 0.4894 0.6431
vn 0.2741 -0.0593 0.9599
vn -0.3090 0.0336 0.9505
vn -0.6220 -0.6722 0.4017
vn 0.7882 0.2528 0.5610
vn 0.5255 0.1782 -0.8319
vn 0.5580 -0.0466 0.8285
vn 0.9039 0.4214 -0.0737
vn 0.4079 -0.8793 0.2459
vn 0.7608 -0.5252 0.3812
vn 0.4626 -0.7392 0.4895
vn -0.1329 -0.3916 0.9105
vn 0.5926 -0.8047 0.0365
vn -0.2124 0.1548 0.9648
vn 0.2865 -0.4630 0.8388
vn 0.2717 -0.4996 0.8225
vn -0.8991 -0.1051 0.4249
vn 0.6540 -0.3949 0.6453
vn 0.1996 -0.1395 0.9699
vn 0.4289 -0.2881 0.8562
vn 0.7678 0.4085 0.4935
vn 0.1384 0.3685 0.9193
vn -0.5227 -0.4798 0.7047
vn 0.1407 0.2451 0.9592
vn -0.3138 0.5249 0.7912
vn 0.9833 -0.0269 -0.1799
vn -0.2195 0.1390 0.9657
vn 0.8931 0.2457 0.3767
vn 0.1022 0.9362 -0.3362
vn 0.6139 -0.5465 0.5696
vn -0.5531 0.3182 0.7700
vn 0.0164 -0.0675 0.9976
vn -0.2446 0.8588 0.4503
vn -0.6154 -0.4145 0.6704
vn -0.0550 0.9882 0.1431
vn 0.0865 -0.4038 0.9108
vn -0.6138 0.0042 0.7895
vn -0.6278 -0.6357 0.4492
vn 0.6299 0.7378 0.2427
vn -0.4864 -0.8572 0.1690
vn 0.6543 0.7496 0.0999
vn 0.8123 -0.5587 0.1672
vn 0.9055 -0.3384 0.2560
vn 0.1656 -0.9745 -0.1514
vn 0.6736 -0.4757 -0.5657
vn 0.2691 -0.9096 0.3167
vn -0.6036 -0.7799 0.1655
vn -0.2805 -0.0105 -0.9598
vn -0.7450 0.1475 -0.6506
vn 0.2196 -0.6717 -0.7075
vn 0.1205 -0.9905 -0.0659
vn 0.0007 -0.8284 -0.5601
vn -0.0391 -0.9513 0.3059
vn 0.4787 -0.6695 0.5680
vn 0.7667 -0.6269 0.1386
vn 0.0444 -0.9988 -0.0198
vn -0.4984 -0.4012 0.7685
vn -0.0500 -0.8823 -0.4680
vn -0.3909 -0.9047 -0.1695
vn 0.6682 -0.7201 0.1872
vn -0.2944 -0.5541 0.7787
vn 0.1662 -0.9128 0.3731
vn -0.4677 -0.6330 -0.6169
vn -0.9333 0.0314 0.3577
vn -0.0718 -0.3080 0.9487
vn -0.1057 -0.9283 -0.3566
vn 0.1934 -0.5045 -0.8415
vn -0.7619 0.0955 0.6406
vn -0.2136 -0.8200 -0.5310
vn -0.2120 0.0638 0.9752
vn -0.1002 -0.9687 -0.2270
vn -0.1175 -0.9175 0.3800
vn -0.5060 -0.0105 0.8624
vn 0.7674 0.4358 0.4702
vn -0.5547 -0.7142 0.4269
vn -0.1434 -0.9604 0.2390
vn -0.4406 -0.4116 0.7978
vn -0.1690 -0.6055 -0.7777
vn 0.6501 -0.7557 0.0797
vn -0.0696 -0.9976 -0.0029
vn -0.0687 -0.8295 0.5543
vn -0.5788 -0.7981 0.1674
vn 0.6629 0.6637 0.3465
vn -0.6682 0.7426 0.0453
vn 0.8758 0.4652 0.1283
vn -0.5077 0.1166 0.8536
vn -0.3209 0.9065 0.2743
vn -0.5082 0.8557 -0.0974
vn -0.8956 -0.3858 -0.2214
vn -0.7431 -0.5658 -0.3573
vn -0.4251 0.8728 0.2398
vn 0.2977 0.6829 0.6670
vn 0.2773 0.4584 0.8444
vn 0.2732 -0.7208 0.6371
vn 0.1963 0.3574 0.9131
vn 0.5219 0.8245 0.2185
vn 0.7192 0.6947 0.0120
vn 0.8923 0.0534 0.4483
vn 0.0507 0.0709 0.9962
vn -0.7139 0.5456 -0.4389
vn -0.6759 0.6683 -0.3107
vn -0.0468 -0.2904 -0.9558
vn -0.9989 -0.0044 0.0472
vn -0.0705 0.6875 -0.7227
vn -0.6816 -0.7093 0.1796
vn -0.8237 0.3201 0.4681
vn -0.4942 0.8689 -0.0283
vn -0.9748 -0.0396 -0.2197
vn 0.1491 0.6744 -0.7231
vn 0.1451 -0.5759 -0.8045
vn -0.1203 0.4799 -0.8691
vn -0.3778 0.9000 -0.2174
vn -0.6732 -0.5045 -0.5406
vn -0.2710 0.7427 -0.6124
vn -0.7881 0.0616 -0.6124
vn -0.2626 0.5217 0.8117
vn 0.2490 0.5980 0.7619
vn -0.1293 0.7595 0.6375
vn -0.1556 0.9832 0.0950
vn -0.4011 0.6064 -0.6866
vn -0.1515 0.8157 -0.5583
vn -0.0996 0.9857 0.1361
vn -0.2117 0.8426 -0.4952
vn -0.5115 0.8531 -0.1027
vn -0.2842 0.9169 0.2802
vn -0.2473 0.9651 -0.0861
vn -0.8920 -0.4359 0.1201
vn -0.1169 0.8513 0.5114
vn -0.0165 0.9383 0.3455
vn -0.3050 0.9520 -0.0255
vn 0.1723 0.8342 -0.5238
vn 0.2362 0.9537 0.1863
vn -0.0231 0.4741 0.8802
vn 0.3145 0.7153 0.6240
vn 0.3810 0.3566 0.8530
vn 0.4339 0.8090 0.3966
vn -0.7094 0.6809 0.1822
vn 0.5055 0.4242 0.7514
vn -0.5649 -0.4995 -0.6568
vn -0.8845 -0.2217 0.4104
vn 0.2953 -0.6996 0.6507
vn -0.0820 0.4310 0.8986
vn -0.0738 0.1290 -0.9889
vn 0.4432 -0.8440 0.3021
vn 0.0137 -0.9508 0.3095
vn 0.6615 -0.6780 -0.3206
vn -0.2446 -0.9270 0.2842
vn -0.7325 -0.6404 -0.2310
vn -0.7052 -0.1006 -0.7019
vn -0.4504 -0.8728 0.1880
vn -0.2855 -0.7906 0.5418
vn 0.4065 -0.0766 0.9104
vn 0.1806 -0.8994 0.3981
vn -0.4699 -0.8199 0.3270
vn -0.5750 -0.7011 0.4217
vn -0.4032 -0.4724 -0.7837
vn -0.6884 -0.3951 -0.6082
vn -0.7656 0.0483 0.6415
vn -0.7210 -0.6548 0.2268
vn -0.5490 -0.3633 0.7528
vn -0.8966 0.2437 -0.3697
vn -0.4220 0.3979 -0.8146
vn -0.6990 -0.6269 -0.3440
vn 0.2066 -0.8631 0.4609
vn -0.5236 -0.3285 0.7861
vn -0.6590 0.6032 -0.4493
vn -0.3501 -0.8145 0.4626
vn -0.7570 -0.6045 -0.2480
vn -0.1555 -0.4887 0.8585
vn -0.4129 -0.6185 0.6685
vn 0.9505 -0.1835 0.2509
vn 0.3768 0.3311 0.8651
vn -0.5328 0.6395 0.5542
vn -0.9134 -0.3227 -0.2480
vn -0.3832 0.8462 0.3702
vn -0.8032 0.2406 0.5450
vn 0.2731 -0.6922 0.6680
vn 0.1640 -0.4673 0.8687
vn -0.0316 -0.6956 0.7177
vn 0.4396 -0.7552 0.4863
vn -0.9022 0.2178 0.3723
vn -0.9451 -0.3071 0.1120
vn -0.5176 -0.8310 0.2037
vn -0.6008 -0.6591 0.4524
vn 0.8482 0.0670 0.5254
vn -0.3940 -0.6635 0.6360
vn 0.4120 -0.8204 0.3965
vn 0.9158 0.3802 -0.1292
vn 0.8769 0.4368 -0.2004
vn -0.5934 -0.0745 0.8014
vn 0.1260 0.7912 0.5984
vn 0.4818 0.6450 0.5932
vn -0.2839 0.0951 0.9541
vn 0.6017 -0.1494 0.7846
vn -0.4246 -0.4309 0.7963
vn -0.4910 -0.2223 0.8423
vn 0.6878 0.6548 0.3134
vn -0.0393 0.6863 0.7263
vn 0.2189 0.9682 0.1210
vn -0.9591 0.2153 0.1838
vn -0.0331 0.8472 -0.5302
vn -0.9029 0.3510 0.2482
vn -0.8358 -0.3082 -0.4544
vn -0.3204 0.7302 -0.6035
vn 0.4303 0.5155 -0.7410
vn -0.6128 0.4594 0.6430
vn 0.0820 0.9923 -0.0924
vn 0.9964 -0.0811 0.0246
vn -0.1564 0.6911 -0.7057
vn 0.2002 0.9779 -0.0605
vn -0.5802 0.2569 -0.7729
vn 0.3993 0.4589 -0.7937
vn 0.1922 0.9718 -0.1364
vn -0.9061 0.4043 0.1251
vn -0.0548 0.4211 -0.9054
vn -0.3117 0.8562 -0.4121
vn -0.9252 0.3008 -0.2313
vn 0.0476 0.2191 -0.9745
vn -0.2449 -0.8557 -0.4558
vn 0.1013 0.8607 -0.4989
vn -0.1135 0.3311 -0.9367
vn -0.4199 -0.8147 -0.3999
vn -0.4329 0.5281 -0.7306
vn -0.5623 -0.5553 -0.6128
vn 0.4352 0.8958 -0.0906
vn 0.6846 0.3557 -0.6363
vn 0.0179 0.9964 0.0830
vn 0.5941 0.7729 0.2227
vn 0.4207 0.7843 -0.4558
vn -0.2454 0.9676 -0.0595
vn 0.1425 0.5137 -0.8460
vn 0.6402 0.7096 -0.2943
vn -0.6308 0.5996 0.4925
vn 0.1972 0.7743 0.6013
vn 0.4140 0.9080 0.0637
vn 0.4873 0.8698 -0.0773
vn 0.5371 0.8412 0.0634
vn -0.0632 0.9339 -0.3520
vn 0.7731 0.2395 -0.5873
vn -0.3130 0.9455 -0.0893
vn 0.8413 0.4629 -0.2790
vn 0.3642 -0.4519 0.8143
vn 0.6131 0.6688 0.4205
vn 0.7995 0.5905 0.1103
vn -0.0577 0.9917 -0.1147
vn -0.9303 -0.1057 -0.3513
vn -0.3623 -0.0097 -0.9320
vn -0.8798 0.1087 0.4628
vn -0.8917 0.3764 -0.2514
vn -0.3981 0.9145 -0.0722
vn -0.8839 0.4631 0.0651
vn -0.0405 0.7407 -0.6706
vn -0.6156 0.4666 0.6350
vn -0.8980 0.4395 0.0219
vn -0.7468 0.2209 0.6273
vn -0.3286 -0.2156 0.9195
vn -0.7196 -0.5505 0.4233
vn -0.7132 0.1966 0.6729
vn 0.1348 -0.0740 0.9881
vn -0.7407 0.4690 0.4809
vn -0.3314 0.6162 0.7145
vn -0.7632 -0.5966 0.2482
vn 0.0498 -0.0741 0.9960
vn -0.2436 0.3779 0.8932
vn -0.4268 0.2394 0.8721
vn -0.4896 -0.0307 0.8714
vn -0.7710 0.4596 0.4409
vn -0.2373 -0.6461 0.7254
vn -0.6861 0.6064 0.4019
vn -0.4815 0.8020 -0.3534
vn -0.6008 0.2492 0.7596
vn -0.5609 -0.6540 0.5076
vn -0.4206 -0.4883 0.7647
vn -0.6183 0.0023 0.7859
vn -0.7068 -0.5488 0.4464
vn 0.1944 0.3795 0.9045
vn -0.7830 -0.5043 0.3641
vn -0.7167 0.4699 0.5153
vn -0.4784 0.4824 0.7338
vn -0.1584 0.8816 0.4445
vn -0.2062 0.9758 -0.0729
vn 0.2023 -0.9367 0.2856
vn -0.4915 0.0089 0.8709
vn -0.6996 -0.4697 0.5385
vn 0.3230 0.8221 0.4688
vn -0.0734 0.3569 0.9312
vn -0.8280 -0.4982 -0.2573
vn -0.8137 0.5299 -0.2388
vn -0.1439 0.1866 0.9718
vn 0.1275 -0.7137 -0.6887
vn -0.0094 -0.9976 0.0684
vn 0.5019 -0.8270 -0.2535
vn 0.7863 -0.1113 0.6077
vn 0.2521 -0.6881 -0.6804
vn -0.0602 -0.5596 -0.8266
vn 0.5234 -0.7694 -0.3662
vn 0.8251 -0.2743 0.4939
vn 0.8391 -0.1451 -0.5243
vn 0.9624 0.2652 -0.0589
vn 0.8557 -0.0495 -0.5151
vn 0.9629 0.0801 -0.2575
vn 0.5582 0.5168 0.6491
vn 0.9646 -0.1241 -0.2326
vn 0.5993 -0.7253 0.3388
vn 0.6859 -0.7132 -0.1442
vn 0.3171 -0.6083 -0.7276
vn 0.9475 -0.3179 0.0351
vn 0.3095 -0.4402 0.8429
vn 0.5428 -0.6767 0.4974
vn 0.8651 -0.4819 0.1394
vn 0.4857 0.4625 0.7418
vn 0.8443 0.4558 -0.2819
vn -0.1646 0.9848 0.0547
vn 0.7910 0.3682 -0.4885
vn 0.1952 0.3554 -0.9141
vn 0.6976 0.4235 -0.5779
vn 0.4005 -0.5903 -0.7009
vn 0.0780 0.8338 -0.5466
vn 0.2785 0.1153 -0.9535
vn 0.7099 -0.6438 -0.2856
vn 0.8458 -0.1107 -0.5219
vn 0.7350 -0.1317 -0.6652
vn 0.7184 -0.6884 0.1004
vn 0.6466 0.3466 -0.6796
vn 0.6138 -0.7482 -0.2520
vn 0.3097 0.1439 -0.9399
vn 0.9289 0.2938 0.2255
vn -0.2861 0.7403 -0.6084
vn 0.8964 0.3746 -0.2371
vn 0.6128 0.0676 -0.7873
vn 0.7394 -0.6108 0.2833
vn 0.9107 0.2824 -0.3013
vn 0.5077 0.7652 -0.3959
vn 0.6917 0.0753 -0.7182
vn 0.5590 0.0243 -0.8288
vn 0.6173 -0.5026 -0.6052
vn 0.7037 0.2304 0.6721
vn 0.2947 -0.7863 -0.5430
vn 0.8267 -0.5624 0.0164
vn 0.8169 0.2005 -0.5408
vn 0.8123 -0.3599 -0.4590
vn 0.7775 -0.5339 0.3322
vn 0.2171 -0.9397 -0.2641
vn 0.4654 0.0188 -0.8849
vn -0.4265 -0.4034 0.8095
vn -0.4962 -0.8384 0.2257
vn -0.3118 0.9094 0.2753
vn 0.0677 0.9535 -0.2937
vn -0.6751 0.7003 -0.2320
vn 0.6170 0.6975 0.3645
vn 0.9979 0.0253 0.0597
vn 0.0556 0.7788 -0.6248
vn -0.8064 0.5102 -0.2989
vn -0.0464 0.9719 0.2309
vn 0.6123 0.7384 -0.2827
vn 0.9425 0.3186 -0.1014
vn 0.8181 0.2963 0.4928
vn -0.4426 0.2951 0.8468
vn 0.4050 0.7367 0.5415
vn -0.2668 0.5462 0.7940
vn 0.6888 0.1741 0.7037
vn 0.4887 0.1311 -0.8626
vn 0.6252 -0.1874 -0.7577
vn 0.4989 0.8115 0.3043
vn 0.8611 0.3808 -0.3368
vn 0.5922 0.6795 -0.4331
vn -0.3473 0.9096 0.2281
vn 0.4597 0.7793 0.4258
vn 0.9311 0.3565 0.0777
vn 0.4255 -0.9040 -0.0424
vn 0.6918 0.5369 0.4828
vn 0.0652 0.1689 0.9835
vn -0.3032 0.9361 0.1782
vn 0.1539 0.7893 0.5944
vn 0.8849 0.4150 0.2113
vn 0.6539 0.7542 -0.0588
vn 0.5654 0.3451 0.7491
vn -0.3306 0.4219 0.8442
vn 0.8324 -0.5542 0.0004
vn 0.8235 -0.3698 -0.4302
vn 0.6647 0.6252 -0.4089
vn 0.5652 0.7819 -0.2629
vn -0.1967 0.7797 0.5945
vn 0.8618 0.3285 0.3866
vn 0.7497 0.4157 -0.5149
vn -0.8734 0.0767 0.4809
vn 0.3272 0.3408 0.8814
vn 0.6566 0.1109 0.7461
vn 0.2649 0.6658 0.6975
vn -0.1451 0.8990 0.4132
vn 0.5394 -0.3679 0.7575
vn -0.0720 -0.5223 0.8497
vn 0.7484 0.6379 0.1817
vn 0.5776 0.6420 0.5042
vn 0.9670 -0.1330 0.2171
vn -0.3097 0.6982 0.6454
vn 0.3556 0.2192 0.9086
vn 0.0245 0.5063 0.8620
vn -0.2556 -0.8204 0.5115
vn 0.6500 0.1961 0.7342
vn -0.3360 0.9133 -0.2302
vn -0.2187 -0.5239 0.8232
vn -0.9770 -0.2125 0.0192
vn -0.9807 -0.1932 0.0286
vn -0.8251 0.5544 -0.1092
vn -0.5264 -0.4635 0.7128
vn -0.6491 -0.5858 0.4854
vn 0.8776 -0.4628 0.1251
vn 0.4488 -0.5678 -0.6901
vn -0.4123 -0.8892 -0.1984
vn -0.8869 -0.4351 0.1549
vn -0.8137 -0.3448 0.4680
vn -0.8745 -0.1959 -0.4438
vn -0.6539 -0.5348 0.5353
vn 0.0977 -0.8830 0.4590
vn -0.9870 0.0227 -0.1589
vn -0.6285 -0.1091 0.7701
vn 0.6841 -0.6759 -0.2742
vn 0.6712 -0.6837 -0.2864
vn 0.0036 -0.5534 -0.8329
vn -0.2677 -0.5874 0.7638
vn 0.6695 -0.6529 0.3543
vn 0.2350 -0.4925 -0.8380
vn 0.3036 -0.4042 -0.8628
vn 0.3270 -0.8623 0.3866
vn 0.7382 -0.3009 -0.6037
vn -0.0822 -0.4020 -0.9119
vn -0.0753 -0.5132 -0.8550
vn 0.3134 -0.7552 -0.5757
vn -0.6748 -0.6748 0.2989
vn -0.2505 -0.5241 -0.8140
vn -0.6561 -0.6016 -0.4556
vn 0.0152 -0.2319 -0.9726
vn -0.1738 -0.8908 -0.4199
vn -0.1586 -0.7720 -0.6155
vn 0.8578 -0.4968 -0.1315
vn 0.5713 -0.3622 -0.7365
vn -0.3543 -0.8542 -0.3805
vn -0.5108 -0.7905 -0.3379
vn -0.9664 -0.0653 -0.2486
vn -0.1584 -0.9869 0.0307
vn -0.4439 -0.8775 0.1816
vn 0.6053 -0.3360 0.7216
vn -0.4820 -0.8732 -0.0715
vn 0.3611 -0.3483 0.8651
vn -0.8258 -0.5029 0.2553
vn -0.7221 -0.4779 -0.5002
vn -0.6684 -0.5546 -0.4956
vn -0.7855 0.0281 -0.6183
vn -0.6867 -0.6655 -0.2925
vn -0.9937 -0.0200 -0.1099
vn -0.7067 -0.6910 0.1523
vn -0.4609 -0.8813 -0.1041
vn 0.2118 0.9584 0.1911
vn 0.0966 -0.9907 0.0956
vn 0.5617 -0.5601 0.6089
vn 0.0554 0.6588 0.7503
vn 0.2156 -0.5173 0.8282
vn 0.0488 0.7116 0.7009
vn 0.6402 0.7037 0.3083
vn 0.6919 0.7193 0.0621
vn -0.4991 0.8501 0.1680
vn 0.0889 0.5339 0.8408
vn -0.6143 0.6152 0.4942
vn 0.2692 0.5884 0.7624
vn 0.5419 0.6476 0.5357
vn 0.9914 0.0182 -0.1294
vn 0.6847 -0.5477 0.4809
vn 0.5738 0.7973 0.1873
vn -0.9968 0.0704 -0.0387
vn -0.5770 0.6826 0.4485
vn -0.4454 0.6008 0.6639
vn -0.0915 0.1801 0.9794
vn 0.6734 0.6133 0.4127
vn -0.0086 0.3586 0.9334
vn 0.8521 0.4190 0.3137
vn -0.5860 0.1735 0.7915
vn 0.2479 0.5205 0.8171
vn -0.4724 -0.6679 0.5751
vn -0.5782 0.7373 0.3493
vn -0.5693 -0.6242 0.5350
vn -0.6145 -0.3451 0.7094
vn 0.3328 -0.0954 0.9382
vn -0.9712 -0.1329 0.1977
vn 0.2887 -0.3872 0.8756
vn 0.9813 -0.1370 0.1349
vn 0.6124 -0.7570 -0.2280
vn 0.5850 0.3559 0.7288
vn -0.7681 0.1906 0.6113
vn 0.2525 -0.1098 0.9614
vn -0.3050 -0.9486 0.0843
vn -0.0063 -0.1743 0.9847
vn 0.7433 0.2992 0.5983
vn -0.2365 0.2069 0.9493
vn -0.7207 0.6113 0.3271
vn -0.2389 -0.6232 0.7447
vn -0.8822 0.2493 0.3995
vn -0.5491 -0.0049 0.8357
vn -0.1969 -0.0278 0.9800
vn -0.5807 -0.3827 0.7186
vn -0.4037 -0.4984 0.7672
vn -0.2539 0.0326 -0.9667
vn -0.0569 0.9169 -0.3951
vn -0.7297 0.4685 -0.4981
vn 0.8817 -0.1099 -0.4589
vn -0.1876 -0.9309 -0.3135
vn 0.0410 -0.7645 -0.6433
vn -0.6860 0.0547 0.7256
vn -0.1517 -0.7631 0.6282
vn 0.0270 0.4363 -0.8994
vn -0.1929 -0.7536 -0.6284
vn -0.9113 0.2854 -0.2968
vn -0.1406 -0.3284 -0.9340
vn -0.4407 -0.6332 0.6363
vn 0.3598 -0.4327 0.8266
vn 0.2510 -0.8302 -0.4978
vn 0.6979 -0.2551 -0.6692
vn -0.0080 -0.9670 0.2547
vn 0.3618 -0.7610 -0.5385
vn 0.9038 0.0340 -0.4266
vn 0.5478 -0.5500 -0.6305
vn 0.5401 -0.4539 -0.7088
vn 0.1061 -0.7851 -0.6102
vn -0.7028 -0.5171 -0.4885
vn 0.6130 -0.0428 -0.7889
vn 0.4567 -0.3803 -0.8042
vn -0.4731 -0.8673 -0.1547
vn 0.4359 -0.8997 -0.0245
vn 0.2637 -0.5888 -0.7641
vn 0.7761 -0.0982 -0.6229
vn -0.0624 -0.7827 -0.6192
vn 0.7778 -0.5114 -0.3654
vn 0.8516 -0.2862 0.4392
vn 0.1636 -0.7428 -0.6492
vn -0.1582 0.1158 -0.9806
vn 0.1150 -0.4621 -0.8794
vn -0.5274 0.4490 -0.7213
vn -0.7855 -0.3640 -0.5005
vn 0.5457 -0.2749 -0.7916
vn 0.0462 -0.4789 -0.8767
vn 0.8286 -0.3532 -0.4343
vn -0.3879 -0.0147 -0.9216
vn -0.1932 -0.5542 -0.8097
vn -0.5054 -0.8628 -0.0151
vn 0.0477 -0.5217 -0.8518
vn 0.7464 -0.2043 -0.6334
vn -0.3450 -0.2234 -0.9116
vn 0.0390 0.4037 -0.9141
vn 0.3010 0.0613 -0.9516
vn 0.3124 -0.6303 -0.7107
vn 0.4292 -0.9018 0.0500
vn -0.5526 -0.0376 -0.8326
vn 0.3957 -0.3633 -0.8435
vn 0.2418 -0.4806 -0.8429
vn -0.7082 0.2361 0.6654
vn -0.7898 0.5534 0.2646
vn 0.5982 -0.7108 -0.3699
vn 0.3363 -0.2167 0.9165
vn 0.2812 -0.9521 -0.1199
vn -0.7687 0.4544 0.4502
vn -0.6679 -0.1685 -0.7249
vn -0.8339 0.3448 0.4310
vn -0.6795 -0.4363 -0.5899
vn 0.8861 -0.2390 0.3972
vn 0.7949 -0.1626 0.5845
vn -0.8530 -0.3509 0.3864
vn -0.4219 -0.8105 -0.4063
vn -0.7540 -0.5891 0.2906
vn -0.4240 -0.5690 -0.7046
vn 0.9008 -0.4127 -0.1351
vn 0.1300 -0.0195 0.9913
vn 0.2955 0.8543 -0.4275
vn -0.9215 -0.3052 -0.2403
vn -0.7541 0.5762 0.3152
vn -0.5194 0.3167 0.7937
vn -0.7613 0.3373 0.5537
vn -0.2780 -0.4303 -0.8588
vn -0.0696 -0.6273 0.7757
vn -0.7355 0.0574 -0.6751
vn -0.9728 -0.2051 -0.1081
vn 0.5275 -0.6459 0.5519
vn 0.7476 0.5540 -0.3663
vn -0.6515 0.7330 -0.1956
vn -0.6585 0.7136 0.2389
vn -0.3382 -0.1732 0.9250
vn 0.9761 0.1105 0.1871
vn -0.6296 -0.5963 -0.4981
vn -0.7385 0.5987 0.3103
vn -0.0460 0.6094 0.7916
vn -0.3886 -0.5091 0.7680
vn 0.3421 0.9348 0.0950
vn 0.4768 0.7988 0.3669
vn 0.7080 0.3801 -0.5953
vn 0.0606 -0.8432 -0.5342
vn 0.9381 -0.0296 -0.3450
vn 0.9978 -0.0560 -0.0354
vn -0.2254 0.5120 0.8289
vn -0.8275 0.1400 0.5437
vn 0.8254 -0.4123 0.3856
vn 0.0483 -0.9022 -0.4286
vn 0.6943 -0.3579 0.6243
vn -0.0780 0.4092 0.9091
vn -0.0986 -0.5861 0.8042
vn -0.1832 -0.8988 0.3982
vn -0.7603 0.0299 -0.6489
vt 0.769086 0.180481
vt 0.759336 0.242590
vt 0.738173 0.225810
vt 0.821921 0.176720
vt 0.818205 0.189029
vt 0.796281 0.182466
vt 0.787718 0.188908
vt 0.794613 0.155232
vt 0.823869 0.142851
vt 0.830287 0.121200
vt 0.853123 0.146944
vt 0.873467 0.151512
vt 0.885120 0.173912
vt 0.856550 0.162018
vt 0.905126 0.128502
vt 0.917282 0.142629
vt 0.894430 0.118659
vt 0.881843 0.087959
vt 0.867197 0.086610
vt 0.863889 0.067041
vt 0.920512 0.106349
vt 0.933210 0.096485
vt 0.906244 0.089643
vt 0.931551 0.088664
vt 0.877006 0.110465
vt 0.841205 0.177803
vt 0.905650 0.074230
vt 0.908901 0.059587
vt 0.889659 0.152848
vt 0.853448 0.125606
vt 0.865438 0.123628
vt 0.782841 0.089657
vt 0.790771 0.078175
vt 0.815152 0.074975
vt 0.794478 0.101394
vt 0.828511 0.073758
vt 0.772634 0.061518
vt 0.757459 0.042967
vt 0.754185 0.020911
vt 0.732606 0.033550
vt 0.756128 0.167781
vt 0.766222 0.135983
vt 0.780261 0.136086
vt 0.768056 0.094149
vt 0.792793 0.039806
vt 0.780983 0.036752
vt 0.785807 0.004040
vt 0.791245 0.021127
vt 0.992053 0.073019
vt 0.987065 0.133069
vt 0.975330 0.002767
vt 0.971426 0.169210
vt 0.976150 0.133274
vt 0.973507 0.186906
vt 0.968672 0.141991
vt 0.586653 0.532785
vt 0.607187 0.533902
vt 0.609307 0.541951
vt 0.419966 0.562508
vt 0.455534 0.556728
vt 0.416456 0.568921
vt 0.817387 0.815692
vt 0.817102 0.866778
vt 0.807192 0.816549
vt 0.807549 0.877017
vt 0.813611 0.918534
vt 0.804962 0.924085
vt 0.115784 0.617557
vt 0.118333 0.641670
vt 0.110386 0.641511
vt 0.754828 0.455476
vt 0.769654 0.464785
vt 0.753478 0.464503
vt 0.801201 0.458145
vt 0.792956 0.466447
vt 0.816501 0.465558
vt 0.428350 0.174502
vt 0.412517 0.181260
vt 0.413187 0.173548
vt 0.018882 0.674602
vt 0.019333 0.658879
vt 0.028113 0.673591
vt 0.635043 0.013316
vt 0.618370 0.016125
vt 0.615432 0.008033
vt 0.596688 0.013845
vt 0.599984 0.008278
vt 0.638029 0.754051
vt 0.660176 0.718751
vt 0.652476 0.819489
vt 0.633312 0.709655
vt 0.622444 0.726331
vt 0.613618 0.694341
vt 0.622252 0.676781
vt 0.612664 0.670760
vt 0.579973 0.694349
vt 0.592038 0.680804
vt 0.584293 0.722827
vt 0.589450 0.713946
vt 0.599314 0.722231
vt 0.565818 0.632181
vt 0.581522 0.664302
vt 0.550503 0.662787
vt 0.555248 0.649467
vt 0.554735 0.615537
vt 0.558027 0.602612
vt 0.534384 0.624151
vt 0.528649 0.609817
vt 0.574970 0.645146
vt 0.586544 0.622413
vt 0.595423 0.624499
vt 0.598477 0.607289
vt 0.507097 0.618057
vt 0.566051 0.591722
vt 0.547017 0.583052
vt 0.565303 0.684848
vt 0.542579 0.564218
vt 0.550801 0.701014
vt 0.546196 0.681148
vt 0.590887 0.664004
vt 0.647327 0.659149
vt 0.673795 0.654578
vt 0.652650 0.682127
vt 0.705457 0.631374
vt 0.707274 0.648690
vt 0.656271 0.638238
vt 0.613547 0.633717
vt 0.616671 0.631989
vt 0.671900 0.605300
vt 0.662392 0.617434
vt 0.662707 0.598953
vt 0.688864 0.604045
vt 0.710393 0.598381
vt 0.677982 0.621180
vt 0.635621 0.585796
vt 0.675570 0.823958
vt 0.672406 0.748602
vt 0.677059 0.678408
vt 0.647909 0.587775
vt 0.654824 0.563431
vt 0.972062 0.209071
vt 0.982329 0.186217
vt 0.357418 0.559308
vt 0.820902 0.770600
vt 0.820804 0.884041
vt 0.111728 0.679022
vt 0.117413 0.667974
vt 0.121247 0.679596
vt 0.747487 0.454174
vt 0.771087 0.456225
vt 0.811315 0.194446
vt 0.817393 0.223981
vt 0.804741 0.228951
vt 0.374797 0.195390
vt 0.390320 0.180459
vt 0.451668 0.170725
vt 0.454030 0.181539
vt 0.750805 0.900605
vt 0.754133 0.879784
vt 0.761660 0.882660
vt 0.029656 0.272990
vt 0.020323 0.274780
vt 0.028084 0.260088
vt 0.024465 0.305001
vt 0.030196 0.652284
vt 0.025254 0.617812
vt 0.129068 0.652910
vt 0.130691 0.620085
vt 0.137263 0.622671
vt 0.581397 0.012808
vt 0.594478 0.019051
vt 0.515430 0.427649
vt 0.540110 0.426026
vt 0.542205 0.435072
vt 0.898488 0.608413
vt 0.886172 0.619040
vt 0.901490 0.560923
vt 0.860688 0.638139
vt 0.868769 0.636793
vt 0.843598 0.620654
vt 0.839394 0.610477
vt 0.855768 0.616105
vt 0.807101 0.649400
vt 0.821656 0.626057
vt 0.838326 0.645742
vt 0.817867 0.650031
vt 0.796627 0.670194
vt 0.785724 0.676427
vt 0.770801 0.651919
vt 0.766904 0.644996
vt 0.780406 0.661978
vt 0.806574 0.697902
vt 0.792090 0.687389
vt 0.774894 0.707549
vt 0.768365 0.699183
vt 0.764561 0.684738
vt 0.747589 0.683352
vt 0.745758 0.676684
vt 0.808433 0.632150
vt 0.795953 0.639113
vt 0.790691 0.647218
vt 0.873271 0.692425
vt 0.869086 0.680292
vt 0.886080 0.698824
vt 0.896149 0.724937
vt 0.900595 0.709640
vt 0.845881 0.728334
vt 0.855460 0.740476
vt 0.844620 0.760814
vt 0.889591 0.560161
vt 0.881944 0.659725
vt 0.852605 0.715770
vt 0.826541 0.730831
vt 0.815533 0.728599
vt 0.481332 0.717705
vt 0.476077 0.643841
vt 0.488143 0.644908
vt 0.482892 0.592411
vt 0.468113 0.587089
vt 0.266497 0.842884
vt 0.266921 0.869191
vt 0.257245 0.866831
vt 0.251965 0.931324
vt 0.256871 0.897116
vt 0.263425 0.937110
vt 0.872153 0.302522
vt 0.848259 0.305099
vt 0.843639 0.295902
vt 0.060600 0.575051
vt 0.016898 0.578750
vt 0.063216 0.566361
vt 0.966619 0.420740
vt 0.967692 0.406107
vt 0.983951 0.405775
vt 0.513723 0.013816
vt 0.501412 0.013874
vt 0.514102 0.002713
vt 0.374191 0.802192
vt 0.383164 0.794364
vt 0.382337 0.805846
vt 0.401516 0.801984
vt 0.402439 0.790745
vt 0.436402 0.791778
vt 0.443048 0.801524
vt 0.229795 0.676309
vt 0.227638 0.640603
vt 0.234098 0.637204
vt 0.223725 0.617828
vt 0.588729 0.928637
vt 0.581291 0.949818
vt 0.577200 0.922839
vt 0.880146 0.741181
vt 0.879984 0.733321
vt 0.901034 0.742813
vt 0.403094 0.507583
vt 0.415163 0.518065
vt 0.400418 0.514258
vt 0.492052 0.517287
vt 0.465085 0.516329
vt 0.486686 0.507796
vt 0.047464 0.679898
vt 0.043084 0.694907
vt 0.037273 0.678834
vt 0.877949 0.182218
vt 0.883066 0.199116
vt 0.874316 0.199878
vt 0.873072 0.214509
vt 0.882526 0.216824
vt 0.878229 0.232016
vt 0.058839 0.305076
vt 0.052331 0.270333
vt 0.064021 0.279496
vt 0.060090 0.258248
vt 0.854341 0.198719
vt 0.837414 0.194543
vt 0.846611 0.189222
vt 0.836302 0.223281
vt 0.136237 0.233133
vt 0.162477 0.203522
vt 0.129965 0.308935
vt 0.125221 0.166787
vt 0.139579 0.152112
vt 0.134663 0.187747
vt 0.079958 0.187779
vt 0.087043 0.179272
vt 0.096949 0.191007
vt 0.065984 0.177929
vt 0.092446 0.106815
vt 0.095463 0.126190
vt 0.075500 0.141665
vt 0.036895 0.152944
vt 0.073382 0.160558
vt 0.047266 0.141851
vt 0.078374 0.079919
vt 0.064231 0.125661
vt 0.065513 0.100410
vt 0.044707 0.105872
vt 0.026865 0.107418
vt 0.002690 0.094716
vt 0.041750 0.064066
vt 0.005489 0.022318
vt 0.035963 0.047165
vt 0.101557 0.146560
vt 0.084886 0.032714
vt 0.098269 0.082932
vt 0.193598 0.122779
vt 0.219341 0.111762
vt 0.195901 0.163786
vt 0.237651 0.116549
vt 0.169405 0.145989
vt 0.159247 0.131282
vt 0.166402 0.104317
vt 0.173914 0.070384
vt 0.202969 0.022087
vt 0.197949 0.049135
vt 0.228145 0.041531
vt 0.189765 0.078654
vt 0.181091 0.219289
vt 0.125966 0.037242
vt 0.145629 0.033665
vt 0.164956 0.050740
vt 0.145924 0.005256
vt 0.472006 0.709595
vt 0.019547 0.370169
vt 0.059850 0.383312
vt 0.059603 0.391223
vt 0.132626 0.585058
vt 0.971953 0.357865
vt 0.965304 0.352807
vt 0.971972 0.337653
vt 0.977812 0.422445
vt 0.965472 0.481566
vt 0.963321 0.461957
vt 0.971841 0.455130
vt 0.543836 0.004772
vt 0.570933 0.005664
vt 0.544270 0.014746
vt 0.221498 0.674828
vt 0.219999 0.706576
vt 0.219137 0.641146
vt 0.843783 0.841863
vt 0.831733 0.806549
vt 0.844386 0.802943
vt 0.835260 0.862361
vt 0.845737 0.859659
vt 0.841795 0.901012
vt 0.447107 0.518063
vt 0.446875 0.506192
vt 0.463458 0.504797
vt 0.038107 0.658560
vt 0.048850 0.662810
vt 0.887377 0.232005
vt 0.066321 0.196403
vt 0.059018 0.195583
vt 0.361749 0.074594
vt 0.311098 0.061762
vt 0.251352 0.001202
vt 0.302584 0.089274
vt 0.292724 0.106301
vt 0.281577 0.107172
vt 0.292506 0.129779
vt 0.318104 0.125076
vt 0.310145 0.171646
vt 0.311381 0.192302
vt 0.293895 0.157761
vt 0.298608 0.191391
vt 0.284192 0.146106
vt 0.259870 0.154297
vt 0.286465 0.195792
vt 0.273003 0.188590
vt 0.300492 0.228786
vt 0.309983 0.242965
vt 0.292741 0.201684
vt 0.278009 0.227351
vt 0.340199 0.210407
vt 0.276442 0.249345
vt 0.272837 0.243217
vt 0.322375 0.091094
vt 0.285955 0.173838
vt 0.318744 0.220197
vt 0.317324 0.253513
vt 0.324256 0.246423
vt 0.340135 0.265389
vt 0.305712 0.284829
vt 0.304797 0.267431
vt 0.280892 0.163214
vt 0.269365 0.171628
vt 0.309372 0.152293
vt 0.317765 0.168468
vt 0.397368 0.089378
vt 0.408036 0.059694
vt 0.410214 0.070745
vt 0.406890 0.116871
vt 0.378502 0.094195
vt 0.422389 0.111053
vt 0.465476 0.074663
vt 0.447667 0.102547
vt 0.433583 0.100496
vt 0.565590 0.065962
vt 0.530217 0.063891
vt 0.569998 0.056375
vt 0.508617 0.055583
vt 0.531881 0.059114
vt 0.504950 0.059710
vt 0.693483 0.763854
vt 0.686291 0.756625
vt 0.689526 0.726241
vt 0.877102 0.488752
vt 0.878468 0.495056
vt 0.858024 0.494865
vt 0.556045 0.520712
vt 0.555408 0.499408
vt 0.563478 0.503807
vt 0.196683 0.720263
vt 0.220381 0.720942
vt 0.221916 0.730442
vt 0.387093 0.268343
vt 0.445910 0.271725
vt 0.448048 0.280855
vt 0.549104 0.848334
vt 0.544673 0.874962
vt 0.539684 0.869556
vt 0.563030 0.830969
vt 0.550842 0.865033
vt 0.645325 0.565693
vt 0.622011 0.569489
vt 0.621606 0.561518
vt 0.557260 0.049399
vt 0.523286 0.047773
vt 0.524086 0.039608
vt 0.039812 0.237281
vt 0.035819 0.214185
vt 0.043252 0.215229
vt 0.034650 0.254698
vt 0.043204 0.252416
vt 0.037759 0.278629
vt 0.505942 0.796752
vt 0.529940 0.797924
vt 0.528120 0.805786
vt 0.567150 0.805030
vt 0.599891 0.798838
vt 0.567299 0.813523
vt 0.178406 0.638905
vt 0.174607 0.651710
vt 0.169462 0.637581
vt 0.722546 0.546651
vt 0.697076 0.546692
vt 0.720422 0.539698
vt 0.122725 0.851141
vt 0.090869 0.850909
vt 0.093734 0.844953
vt 0.135151 0.845926
vt 0.135633 0.853687
vt 0.389165 0.652191
vt 0.377618 0.653483
vt 0.371012 0.645782
vt 0.355685 0.654705
vt 0.518252 0.676678
vt 0.511701 0.688638
vt 0.510218 0.674820
vt 0.245140 0.809400
vt 0.286902 0.750437
vt 0.288433 0.720858
vt 0.245457 0.815330
vt 0.319629 0.767798
vt 0.253296 0.833832
vt 0.314890 0.738056
vt 0.310272 0.707395
vt 0.329118 0.712903
vt 0.325302 0.690090
vt 0.277070 0.701190
vt 0.269507 0.708394
vt 0.263536 0.697574
vt 0.307825 0.645033
vt 0.303572 0.663896
vt 0.287178 0.681836
vt 0.251231 0.677091
vt 0.261652 0.662866
vt 0.275527 0.672098
vt 0.279392 0.659327
vt 0.313548 0.622093
vt 0.290509 0.634023
vt 0.275484 0.608062
vt 0.324569 0.625706
vt 0.343984 0.617007
vt 0.283594 0.600791
vt 0.310427 0.594110
vt 0.317816 0.587870
vt 0.302767 0.609244
vt 0.284418 0.640193
vt 0.337350 0.575045
vt 0.322444 0.591564
vt 0.365801 0.715003
vt 0.388854 0.732187
vt 0.355753 0.730247
vt 0.406293 0.751922
vt 0.406526 0.758738
vt 0.365361 0.752957
vt 0.428875 0.706846
vt 0.416788 0.683435
vt 0.456939 0.685972
vt 0.388373 0.703628
vt 0.398870 0.647589
vt 0.698875 0.758575
vt 0.701283 0.775443
vt 0.484109 0.263909
vt 0.486656 0.260558
vt 0.550191 0.881494
vt 0.550514 0.926457
vt 0.560581 0.928630
vt 0.555039 0.961115
vt 0.587552 0.561732
vt 0.598493 0.562892
vt 0.586999 0.571190
vt 0.598800 0.571049
vt 0.428497 0.812047
vt 0.437516 0.815917
vt 0.427920 0.820242
vt 0.046581 0.275527
vt 0.600768 0.795615
vt 0.166377 0.653782
vt 0.168166 0.685137
vt 0.163869 0.687104
vt 0.163030 0.619216
vt 0.168657 0.619938
vt 0.123159 0.843300
vt 0.340295 0.651167
vt 0.350356 0.648689
vt 0.177675 0.575979
vt 0.181971 0.545644
vt 0.195154 0.560875
vt 0.185242 0.516858
vt 0.195917 0.524436
vt 0.189716 0.466996
vt 0.190647 0.484256
vt 0.177087 0.458603
vt 0.165084 0.456475
vt 0.165151 0.433839
vt 0.165922 0.418764
vt 0.202413 0.427536
vt 0.202208 0.437777
vt 0.184810 0.427255
vt 0.139358 0.410616
vt 0.133078 0.393285
vt 0.176045 0.392719
vt 0.200998 0.376491
vt 0.157674 0.504590
vt 0.159050 0.540816
vt 0.164774 0.474538
vt 0.190938 0.499417
vt 0.188765 0.454090
vt 0.167292 0.370741
vt 0.159906 0.406414
vt 0.158484 0.461728
vt 0.094335 0.528934
vt 0.069838 0.548618
vt 0.064149 0.539845
vt 0.117589 0.546673
vt 0.109327 0.522791
vt 0.063876 0.498711
vt 0.087045 0.499647
vt 0.109406 0.509209
vt 0.012314 0.517145
vt 0.034819 0.502647
vt 0.059632 0.506158
vt 0.028164 0.449102
vt 0.027336 0.463176
vt 0.217527 0.608928
vt 0.226940 0.589508
vt 0.047070 0.490346
vt 0.796013 0.770705
vt 0.787851 0.820031
vt 0.789180 0.769418
vt 0.793599 0.913455
vt 0.795294 0.935153
vt 0.785229 0.909755
vt 0.090387 0.262117
vt 0.089468 0.276933
vt 0.082376 0.260589
vt 0.617919 0.320311
vt 0.637924 0.324913
vt 0.637076 0.335156
vt 0.457852 0.722950
vt 0.454660 0.746423
vt 0.448006 0.747589
vt 0.452944 0.758936
vt 0.571675 0.787166
vt 0.514718 0.772893
vt 0.511464 0.766940
vt 0.293132 0.918025
vt 0.289808 0.889840
vt 0.299536 0.938838
vt 0.633011 0.031932
vt 0.612859 0.032100
vt 0.613877 0.025144
vt 0.143622 0.681040
vt 0.145418 0.675552
vt 0.153534 0.677211
vt 0.145553 0.640271
vt 0.152736 0.633100
vt 0.153263 0.661719
vt 0.802317 0.480335
vt 0.797388 0.489634
vt 0.793731 0.483233
vt 0.352958 0.807327
vt 0.364100 0.809904
vt 0.347333 0.823012
vt 0.709620 0.464728
vt 0.694456 0.435036
vt 0.716632 0.461582
vt 0.717601 0.422944
vt 0.717132 0.393848
vt 0.725006 0.387594
vt 0.397814 0.304301
vt 0.409851 0.306577
vt 0.377911 0.306837
vt 0.591326 0.047658
vt 0.591467 0.040044
vt 0.603495 0.046946
vt 0.784080 0.529446
vt 0.791477 0.524929
vt 0.794914 0.532142
vt 0.776087 0.528957
vt 0.855928 0.086898
vt 0.847597 0.089197
vt 0.844331 0.083486
vt 0.854175 0.066895
vt 0.668112 0.553337
vt 0.646373 0.550929
vt 0.663911 0.475116
vt 0.656869 0.425738
vt 0.642107 0.476248
vt 0.577026 0.438738
vt 0.614690 0.443666
vt 0.634765 0.457299
vt 0.629162 0.429951
vt 0.614504 0.419042
vt 0.612366 0.475824
vt 0.633348 0.496230
vt 0.606868 0.486689
vt 0.595705 0.429149
vt 0.588320 0.462036
vt 0.600173 0.468856
vt 0.589079 0.471243
vt 0.552781 0.432714
vt 0.548146 0.454524
vt 0.567587 0.429491
vt 0.561415 0.407153
vt 0.587523 0.364893
vt 0.606071 0.348073
vt 0.596911 0.370193
vt 0.564567 0.352462
vt 0.565730 0.336228
vt 0.566779 0.385597
vt 0.531180 0.352157
vt 0.539917 0.346718
vt 0.544974 0.361993
vt 0.502302 0.318137
vt 0.641553 0.549291
vt 0.574007 0.328363
vt 0.545999 0.294241
vt 0.677604 0.428551
vt 0.679662 0.402776
vt 0.708492 0.394164
vt 0.674544 0.373408
vt 0.655788 0.381235
vt 0.696100 0.363528
vt 0.686233 0.352126
vt 0.716891 0.330665
vt 0.703524 0.355242
vt 0.675112 0.310345
vt 0.683465 0.320227
vt 0.685321 0.336441
vt 0.785762 0.859905
vt 0.775270 0.869551
vt 0.784932 0.875928
vt 0.081941 0.214007
vt 0.091357 0.195626
vt 0.091934 0.211826
vt 0.083965 0.232773
vt 0.074222 0.232991
vt 0.293226 0.940760
vt 0.284128 0.895786
vt 0.280834 0.840513
vt 0.289097 0.856231
vt 0.283098 0.857535
vt 0.591557 0.033472
vt 0.592621 0.025253
vt 0.764830 0.488607
vt 0.763773 0.496224
vt 0.745460 0.498474
vt 0.345834 0.807511
vt 0.351756 0.777616
vt 0.692621 0.533885
vt 0.713139 0.501609
vt 0.707497 0.519390
vt 0.714999 0.487080
vt 0.722801 0.486503
vt 0.722997 0.369462
vt 0.719195 0.384874
vt 0.208819 0.686932
vt 0.205327 0.708312
vt 0.200266 0.689072
vt 0.201501 0.618370
vt 0.209189 0.643815
vt 0.204129 0.650499
vt 0.383955 0.315660
vt 0.410916 0.311618
vt 0.616664 0.050172
vt 0.630955 0.042498
vt 0.809320 0.525008
vt 0.808538 0.531855
vt 0.686565 0.058213
vt 0.681456 0.047525
vt 0.688965 0.042688
vt 0.848199 0.065227
vt 0.685800 0.001324
vt 0.692400 0.001496
vt 0.314193 0.429069
vt 0.364402 0.471259
vt 0.353707 0.489425
vt 0.341200 0.452414
vt 0.353060 0.445315
vt 0.374215 0.432586
vt 0.359535 0.417786
vt 0.371317 0.424795
vt 0.378655 0.463258
vt 0.385257 0.472409
vt 0.410763 0.419662
vt 0.443314 0.443584
vt 0.413036 0.436613
vt 0.415567 0.382451
vt 0.424219 0.368262
vt 0.437062 0.379802
vt 0.436791 0.385750
vt 0.444893 0.395297
vt 0.395495 0.341333
vt 0.395580 0.352328
vt 0.428830 0.325165
vt 0.437602 0.334114
vt 0.465169 0.356103
vt 0.439701 0.351397
vt 0.466942 0.341909
vt 0.475085 0.353734
vt 0.489104 0.362729
vt 0.350555 0.540425
vt 0.396821 0.453382
vt 0.398003 0.417105
vt 0.427457 0.419476
vt 0.432621 0.407804
vt 0.419968 0.357814
vt 0.436393 0.318231
vt 0.442656 0.424304
vt 0.302190 0.399637
vt 0.274449 0.409054
vt 0.277617 0.401932
vt 0.257480 0.391147
vt 0.316924 0.402182
vt 0.299217 0.362465
vt 0.317007 0.373596
vt 0.273314 0.350032
vt 0.263140 0.327567
vt 0.296103 0.333972
vt 0.292984 0.347309
vt 0.300531 0.317274
vt 0.326927 0.545465
vt 0.287422 0.294535
vt 0.930033 0.634320
vt 0.918465 0.741702
vt 0.915030 0.680080
vt 0.921457 0.586159
vt 0.911825 0.582506
vt 0.914022 0.560125
vt 0.443489 0.253123
vt 0.415906 0.252847
vt 0.444544 0.245284
vt 0.614976 0.767878
vt 0.618974 0.768830
vt 0.620921 0.789340
vt 0.393153 0.610600
vt 0.363217 0.610779
vt 0.397469 0.603313
vt 0.949629 0.703377
vt 0.956290 0.666091
vt 0.965023 0.669440
vt 0.952891 0.606816
vt 0.957449 0.627678
vt 0.944869 0.619442
vt 0.589288 0.233222
vt 0.576920 0.233493
vt 0.587865 0.225470
vt 0.295190 0.511752
vt 0.286904 0.514826
vt 0.287120 0.478998
vt 0.052377 0.336592
vt 0.058960 0.335526
vt 0.059373 0.341832
vt 0.811238 0.052571
vt 0.830283 0.049448
vt 0.832225 0.057632
vt 0.840873 0.050970
vt 0.868225 0.046798
vt 0.888746 0.047371
vt 0.868194 0.055314
vt 0.932249 0.240375
vt 0.930509 0.246206
vt 0.910958 0.241095
vt 0.047244 0.414349
vt 0.022786 0.414665
vt 0.045400 0.405997
vt 0.003349 0.960152
vt 0.011469 0.933932
vt 0.012184 0.959679
vt 0.013018 0.915192
vt 0.004536 0.911487
vt 0.008604 0.882887
vt 0.302652 0.492654
vt 0.311563 0.492777
vt 0.303143 0.510357
vt 0.510588 0.706228
vt 0.535898 0.697581
vt 0.537250 0.704391
vt 0.384704 0.506001
vt 0.384235 0.536689
vt 0.377515 0.535454
vt 0.833502 0.248287
vt 0.829598 0.239767
vt 0.835254 0.234990
vt 0.856501 0.246936
vt 0.100791 0.691140
vt 0.084703 0.708738
vt 0.092039 0.675959
vt 0.094361 0.719762
vt 0.098550 0.740979
vt 0.148227 0.725333
vt 0.133069 0.746103
vt 0.147465 0.740931
vt 0.141737 0.704398
vt 0.141330 0.715427
vt 0.120554 0.702306
vt 0.153752 0.711371
vt 0.179765 0.723759
vt 0.182061 0.744636
vt 0.206473 0.761310
vt 0.178958 0.767927
vt 0.168214 0.758464
vt 0.188914 0.772070
vt 0.220700 0.775082
vt 0.145441 0.807112
vt 0.162636 0.795652
vt 0.154147 0.805790
vt 0.135022 0.803740
vt 0.129845 0.824317
vt 0.196720 0.807048
vt 0.173062 0.779050
vt 0.150278 0.778469
vt 0.173456 0.816612
vt 0.205808 0.818142
vt 0.224192 0.804709
vt 0.236530 0.851978
vt 0.209905 0.819873
vt 0.172765 0.830675
vt 0.185735 0.847604
vt 0.166737 0.839482
vt 0.194335 0.869918
vt 0.135281 0.762018
vt 0.145922 0.762426
vt 0.016081 0.773485
vt 0.002117 0.787401
vt 0.009374 0.766591
vt 0.044129 0.821234
vt 0.029107 0.813795
vt 0.051107 0.808645
vt 0.044350 0.799991
vt 0.062724 0.617609
vt 0.083568 0.620505
vt 0.057966 0.689746
vt 0.059319 0.773182
vt 0.044909 0.746346
vt 0.044527 0.776196
vt 0.061099 0.847807
vt 0.051992 0.831250
vt 0.051973 0.870309
vt 0.909983 0.741824
vt 0.920016 0.627501
vt 0.403822 0.613345
vt 0.455238 0.611580
vt 0.436668 0.615904
vt 0.950063 0.645589
vt 0.950253 0.583431
vt 0.954138 0.565895
vt 0.957710 0.579105
vt 0.287272 0.463954
vt 0.296987 0.458144
vt 0.295965 0.464863
vt 0.293743 0.524818
vt 0.812191 0.044931
vt 0.064152 0.405450
vt 0.092224 0.407969
vt 0.089862 0.415722
vt 0.743030 0.440679
vt 0.757707 0.442773
vt 0.755642 0.447515
vt 0.006058 0.926976
vt 0.001505 0.919128
vt 0.311354 0.511807
vt 0.377057 0.506646
vt 0.375684 0.490783
vt 0.775148 0.420478
vt 0.773146 0.426161
vt 0.754177 0.421520
vt 0.787344 0.424561
vt 0.714666 0.067227
vt 0.713612 0.041263
vt 0.721190 0.065848
vt 0.857115 0.238401
vt 0.717515 0.001176
vt 0.722344 0.047810
vt 0.650058 0.080642
vt 0.629447 0.070991
vt 0.647323 0.004350
vt 0.667061 0.063440
vt 0.668221 0.138794
vt 0.637560 0.100900
vt 0.591634 0.096101
vt 0.612259 0.083131
vt 0.608619 0.071431
vt 0.576825 0.091243
vt 0.590376 0.086207
vt 0.581132 0.147857
vt 0.572337 0.166372
vt 0.588799 0.132742
vt 0.556307 0.164513
vt 0.577808 0.107664
vt 0.565811 0.123015
vt 0.554636 0.102684
vt 0.563867 0.189929
vt 0.527618 0.193415
vt 0.574373 0.194352
vt 0.585675 0.187604
vt 0.589871 0.214621
vt 0.546745 0.204922
vt 0.548855 0.219081
vt 0.520477 0.211927
vt 0.516607 0.203820
vt 0.642850 0.005717
vt 0.639838 0.039070
vt 0.561171 0.135615
vt 0.553293 0.233125
vt 0.535677 0.242303
vt 0.529787 0.261366
vt 0.546946 0.124531
vt 0.654857 0.158621
vt 0.673634 0.173614
vt 0.700091 0.148211
vt 0.706384 0.164360
vt 0.718882 0.222874
vt 0.690525 0.217912
vt 0.672297 0.200705
vt 0.678806 0.217940
vt 0.651001 0.240499
vt 0.762802 0.774281
vt 0.736065 0.821122
vt 0.754205 0.769646
vt 0.730833 0.838838
vt 0.729092 0.893306
vt 0.719609 0.904666
vt 0.501573 0.885767
vt 0.505659 0.871050
vt 0.512855 0.873943
vt 0.520537 0.932734
vt 0.509637 0.929922
vt 0.919592 0.212593
vt 0.922461 0.220053
vt 0.894850 0.218369
vt 0.766970 0.514724
vt 0.760329 0.507711
vt 0.790827 0.505678
vt 0.936903 0.366620
vt 0.929313 0.367118
vt 0.931372 0.360520
vt 0.421259 0.579588
vt 0.431965 0.581507
vt 0.422702 0.589479
vt 0.059614 0.593961
vt 0.072670 0.593330
vt 0.066706 0.603933
vt 0.518488 0.521429
vt 0.508772 0.521626
vt 0.519012 0.506033
vt 0.508148 0.501377
vt 0.509081 0.545106
vt 0.515631 0.547046
vt 0.515486 0.031727
vt 0.502373 0.028006
vt 0.515339 0.022387
vt 0.852178 0.513175
vt 0.865428 0.516393
vt 0.848657 0.521506
vt 0.835837 0.518162
vt 0.394711 0.487582
vt 0.422468 0.487257
vt 0.421012 0.496316
vt 0.435753 0.501134
vt 0.444464 0.493459
vt 0.447425 0.631640
vt 0.455179 0.638299
vt 0.441027 0.639816
vt 0.902790 0.477712
vt 0.919927 0.433551
vt 0.919296 0.534056
vt 0.879393 0.472504
vt 0.885706 0.488123
vt 0.862380 0.426257
vt 0.859365 0.403981
vt 0.874632 0.414599
vt 0.836790 0.458886
vt 0.837000 0.445931
vt 0.852472 0.456313
vt 0.825249 0.454560
vt 0.779828 0.400539
vt 0.784912 0.394912
vt 0.798565 0.390323
vt 0.753834 0.393052
vt 0.765966 0.352169
vt 0.811568 0.358434
vt 0.778427 0.366144
vt 0.792219 0.350977
vt 0.796538 0.339180
vt 0.836993 0.339542
vt 0.840381 0.344901
vt 0.833819 0.363079
vt 0.745932 0.362754
vt 0.883892 0.441149
vt 0.822273 0.357386
vt 0.816289 0.382611
vt 0.797569 0.324791
vt 0.802841 0.326744
vt 0.811495 0.306746
vt 0.821159 0.436320
vt 0.813851 0.422937
vt 0.822953 0.406265
vt 0.796221 0.446883
vt 0.792004 0.420818
vt 0.942877 0.374526
vt 0.952382 0.381237
vt 0.922995 0.385124
vt 0.949731 0.356549
vt 0.904737 0.408998
vt 0.889154 0.390820
vt 0.899395 0.363646
vt 0.921659 0.330062
vt 0.915563 0.351171
vt 0.901471 0.344491
vt 0.911912 0.330610
vt 0.868537 0.318860
vt 0.900787 0.332376
vt 0.884804 0.315311
vt 0.737974 0.909066
vt 0.755118 0.946905
vt 0.762527 0.974213
vt 0.746613 0.949098
vt 0.044234 0.359239
vt 0.045790 0.348724
vt 0.081365 0.346884
vt 0.120095 0.338226
vt 0.078840 0.357567
vt 0.377174 0.225803
vt 0.415783 0.202396
vt 0.416066 0.211209
vt 0.527903 0.977228
vt 0.519232 0.972595
vt 0.513020 0.941437
vt 0.949270 0.214436
vt 0.962947 0.219040
vt 0.961490 0.211097
vt 0.790512 0.515427
vt 0.812050 0.511983
vt 0.808669 0.518792
vt 0.456784 0.585087
vt 0.455831 0.594108
vt 0.434124 0.590475
vt 0.870411 0.020560
vt 0.888535 0.021486
vt 0.888884 0.030580
vt 0.650253 0.259975
vt 0.625991 0.257073
vt 0.630269 0.250371
vt 0.100415 0.595554
vt 0.134591 0.600640
vt 0.100776 0.605544
vt 0.759442 0.130201
vt 0.757108 0.132703
vt 0.757995 0.122150
vt 0.515387 0.461988
vt 0.520067 0.485427
vt 0.568540 0.030742
vt 0.532826 0.031399
vt 0.565922 0.024257
vt 0.531730 0.022384
vt 0.824373 0.520428
vt 0.083036 0.382019
vt 0.121247 0.376343
vt 0.078338 0.391885
vt 0.765838 0.732243
vt 0.770410 0.745558
vt 0.732840 0.745757
vt 0.591613 0.967286
vt 0.600717 0.510226
vt 0.629928 0.524140
vt 0.596738 0.522276
vt 0.038195 0.198133
vt 0.569940 0.550354
vt 0.858022 0.509388
vt 0.856186 0.489742
vt 0.770754 0.592870
vt 0.769736 0.617440
vt 0.761122 0.591052
vt 0.230182 0.083275
vt 0.662300 0.264776
vt 0.744876 0.586401
vt 0.747223 0.609485
vt 0.734338 0.586008
vt 0.571089 0.749097
vt 0.600107 0.755845
vt 0.599167 0.759358
vt 0.626978 0.589860
vt 0.605188 0.590321
vt 0.601844 0.581845
vt 0.840685 0.017417
vt 0.820976 0.004935
vt 0.844862 0.010782
vt 0.532425 0.493188
vt 0.527576 0.463008
vt 0.540992 0.496092
vt 0.008823 0.427718
vt 0.615292 0.791200
vt 0.525315 0.543434
vt 0.535143 0.512075
vt 0.530255 0.541689
vt 0.928138 0.229406
vt 0.961283 0.230647
vt 0.658136 0.324379
vt 0.658273 0.320228
vt 0.814658 0.577743
vt 0.786981 0.565154
vt 0.788747 0.561484
vt 0.844278 0.139564
vt 0.881743 0.140962
vt 0.936082 0.134521
vt 0.961230 0.071689
vt 0.898175 0.063814
vt 0.894858 0.042824
vt 0.931040 0.046021
vt 0.753042 0.089684
vt 0.736135 0.084530
vt 0.735845 0.066761
vt 0.786569 0.068853
vt 0.937143 0.488241
vt 0.948332 0.488537
vt 0.942871 0.510478
vt 0.934504 0.529654
vt 0.936251 0.454550
vt 0.945987 0.462790
vt 0.421381 0.774928
vt 0.420300 0.766100
vt 0.456119 0.779995
vt 0.407668 0.772137
vt 0.235459 0.736552
vt 0.222588 0.744907
vt 0.221466 0.736392
vt 0.380220 0.566491
vt 0.805605 0.856683
vt 0.109114 0.668700
vt 0.745123 0.466820
vt 0.452289 0.784078
vt 0.428864 0.781146
vt 0.696681 0.028558
vt 0.706023 0.020059
vt 0.704443 0.029543
vt 0.819705 0.243517
vt 0.023897 0.225291
vt 0.016779 0.220324
vt 0.021884 0.199247
vt 0.726776 0.951145
vt 0.738368 0.954335
vt 0.725232 0.970788
vt 0.019174 0.624879
vt 0.025144 0.694256
vt 0.014802 0.862578
vt 0.011705 0.856754
vt 0.039626 0.856591
vt 0.134475 0.668765
vt 0.125783 0.669061
vt 0.132845 0.680547
vt 0.517790 0.442403
vt 0.607572 0.740985
vt 0.575167 0.717837
vt 0.522620 0.663333
vt 0.510808 0.649430
vt 0.573766 0.622348
vt 0.693668 0.583429
vt 0.863997 0.609163
vt 0.879672 0.562864
vt 0.410924 0.780304
vt 0.824479 0.868149
vt 0.529853 0.627299
vt 0.529730 0.633973
vt 0.522706 0.633169
vt 0.706658 0.058574
vt 0.697741 0.059905
vt 0.701598 0.079219
vt 0.751024 0.841327
vt 0.018744 0.254655
vt 0.137712 0.654481
vt 0.426506 0.465973
vt 0.436597 0.477103
vt 0.417771 0.475975
vt 0.393620 0.479737
vt 0.495329 0.476465
vt 0.482587 0.466607
vt 0.982693 0.002979
vt 0.853885 0.672737
vt 0.848289 0.658744
vt 0.832676 0.663356
vt 0.809742 0.619731
vt 0.822144 0.619256
vt 0.780626 0.634339
vt 0.785016 0.621817
vt 0.745932 0.642231
vt 0.804629 0.706589
vt 0.770363 0.690016
vt 0.753532 0.671822
vt 0.730474 0.668091
vt 0.720619 0.689658
vt 0.849184 0.700222
vt 0.813131 0.661554
vt 0.750602 0.721208
vt 0.818127 0.685972
vt 0.805120 0.721243
vt 0.867837 0.758786
vt 0.800083 0.741375
vt 0.481571 0.796994
vt 0.475712 0.797843
vt 0.772575 0.564039
vt 0.777885 0.565059
vt 0.019422 0.375502
vt 0.827310 0.306553
vt 0.827164 0.300440
vt 0.132877 0.579098
vt 0.011575 0.586064
vt 0.983486 0.292453
vt 0.987306 0.293512
vt 0.501759 0.001851
vt 0.374918 0.791400
vt 0.746231 0.005089
vt 0.738542 0.013444
vt 0.739295 0.004042
vt 0.232302 0.707023
vt 0.791755 0.734488
vt 0.579983 0.906586
vt 0.832436 0.841703
vt 0.536388 0.295525
vt 0.509969 0.304334
vt 0.510651 0.296402
vt 0.072589 0.064067
vt 0.844889 0.225556
vt 0.167203 0.293343
vt 0.125851 0.139537
vt 0.133275 0.065972
vt 0.120187 0.089015
vt 0.079390 0.051365
vt 0.047319 0.623950
vt 0.038412 0.623443
vt 0.030685 0.055020
vt 0.007396 0.061610
vt 0.131376 0.248970
vt 0.105677 0.128907
vt 0.068206 0.022560
vt 0.061636 0.002895
vt 0.109906 0.113848
vt 0.268187 0.987149
vt 0.272594 0.990034
vt 0.745987 0.015615
vt 0.939997 0.195618
vt 0.936044 0.204304
vt 0.895082 0.205411
vt 0.835794 0.770615
vt 0.879731 0.746118
vt 0.534093 0.303959
vt 0.692617 0.564417
vt 0.692851 0.570309
vt 0.685218 0.570100
vt 0.685662 0.563834
vt 0.879299 0.243238
vt 0.050520 0.209785
vt 0.246784 0.026367
vt 0.292987 0.083218
vt 0.334721 0.116871
vt 0.338360 0.124833
vt 0.336046 0.143868
vt 0.272423 0.135332
vt 0.283822 0.122541
vt 0.259093 0.195566
vt 0.252308 0.191878
vt 0.247533 0.207494
vt 0.329206 0.212861
vt 0.348413 0.224521
vt 0.263922 0.271272
vt 0.360101 0.098525
vt 0.388921 0.146686
vt 0.441731 0.118123
vt 0.476677 0.105011
vt 0.455911 0.136606
vt 0.455550 0.159462
vt 0.976060 0.562518
vt 0.982646 0.562224
vt 0.973299 0.693448
vt 0.705627 0.685040
vt 0.710862 0.685440
vt 0.702455 0.704331
vt 0.832681 0.489457
vt 0.564096 0.464472
vt 0.569667 0.461153
vt 0.235964 0.724261
vt 0.235673 0.718836
vt 0.386769 0.262653
vt 0.500049 0.048374
vt 0.500747 0.040421
vt 0.506704 0.044621
vt 0.302185 0.681316
vt 0.456540 0.813795
vt 0.456024 0.822601
vt 0.582203 0.512355
vt 0.552262 0.807374
vt 0.174252 0.670671
vt 0.146799 0.845782
vt 0.536343 0.688254
vt 0.537262 0.680913
vt 0.273021 0.727450
vt 0.271094 0.686810
vt 0.250992 0.624503
vt 0.250173 0.638328
vt 0.346960 0.620225
vt 0.273424 0.599243
vt 0.263281 0.567871
vt 0.254507 0.605843
vt 0.345098 0.310073
vt 0.363058 0.304378
vt 0.365923 0.312065
vt 0.347910 0.314888
vt 0.310484 0.668097
vt 0.304724 0.572844
vt 0.305167 0.553343
vt 0.428765 0.754804
vt 0.358516 0.673068
vt 0.407766 0.704137
vt 0.410863 0.655653
vt 0.419899 0.634924
vt 0.982646 0.691901
vt 0.986997 0.652229
vt 0.697173 0.729494
vt 0.331300 0.734800
vt 0.343623 0.728689
vt 0.561948 0.961441
vt 0.558546 0.981979
vt 0.566571 0.041119
vt 0.398596 0.819312
vt 0.715300 0.307100
vt 0.710210 0.306663
vt 0.717452 0.293998
vt 0.697010 0.540632
vt 0.182481 0.683760
vt 0.190465 0.684331
vt 0.184899 0.711026
vt 0.183283 0.616897
vt 0.194125 0.616630
vt 0.156128 0.533378
vt 0.140099 0.499939
vt 0.139165 0.486944
vt 0.199586 0.501440
vt 0.202767 0.493304
vt 0.202336 0.455291
vt 0.210776 0.474681
vt 0.216370 0.427759
vt 0.222717 0.431539
vt 0.227657 0.413153
vt 0.198843 0.396382
vt 0.223928 0.387319
vt 0.159420 0.369421
vt 0.150855 0.343098
vt 0.181917 0.351830
vt 0.185626 0.329959
vt 0.042674 0.539226
vt 0.105004 0.465410
vt 0.008093 0.489197
vt 0.004856 0.446655
vt 0.075842 0.246846
vt 0.816588 0.585384
vt 0.457664 0.757864
vt 0.284650 0.975413
vt 0.283081 0.973357
vt 0.300066 0.896178
vt 0.295483 0.883838
vt 0.581477 0.031234
vt 0.582748 0.024891
vt 0.152437 0.682847
vt 0.145024 0.659222
vt 0.008240 0.363058
vt 0.006340 0.356042
vt 0.014482 0.361639
vt 0.817973 0.491030
vt 0.722663 0.500572
vt 0.203360 0.663201
vt 0.212875 0.656404
vt 0.602643 0.040257
vt 0.582033 0.043616
vt 0.121299 0.560675
vt 0.121605 0.563895
vt 0.118744 0.562263
vt 0.672768 0.488866
vt 0.697928 0.002314
vt 0.705876 0.001978
vt 0.576704 0.466617
vt 0.566670 0.418652
vt 0.584190 0.391384
vt 0.588011 0.412974
vt 0.557597 0.394848
vt 0.536629 0.400337
vt 0.522358 0.384707
vt 0.515579 0.362452
vt 0.596953 0.413617
vt 0.650623 0.406755
vt 0.619778 0.378418
vt 0.726826 0.358078
vt 0.688650 0.294927
vt 0.831429 0.575152
vt 0.569948 0.779260
vt 0.597123 0.773829
vt 0.601039 0.765686
vt 0.295120 0.480460
vt 0.143595 0.618431
vt 0.817038 0.497837
vt 0.328508 0.799583
vt 0.329474 0.820939
vt 0.322954 0.824113
vt 0.686266 0.075179
vt 0.375381 0.406951
vt 0.403586 0.447593
vt 0.415633 0.454314
vt 0.471303 0.400314
vt 0.407124 0.400979
vt 0.492341 0.317716
vt 0.399767 0.399868
vt 0.456711 0.295902
vt 0.355536 0.364055
vt 0.246663 0.351747
vt 0.312981 0.307156
vt 0.417764 0.242947
vt 0.395076 0.241107
vt 0.482417 0.235190
vt 0.019427 0.710126
vt 0.006174 0.718941
vt 0.005651 0.714287
vt 0.944239 0.707840
vt 0.576959 0.225455
vt 0.062089 0.412373
vt 0.006455 0.984807
vt 0.952479 0.299049
vt 0.950795 0.310955
vt 0.933884 0.298623
vt 0.952537 0.304097
vt 0.308738 0.458802
vt 0.303841 0.465240
vt 0.303091 0.529476
vt 0.510240 0.699916
vt 0.739986 0.422213
vt 0.756364 0.429463
vt 0.724000 0.001861
vt 0.123230 0.690377
vt 0.529437 0.830278
vt 0.532345 0.831106
vt 0.162614 0.741843
vt 0.161199 0.838231
vt 0.153720 0.858907
vt 0.070981 0.755685
vt 0.064738 0.786895
vt 0.079001 0.771203
vt 0.108168 0.792273
vt 0.016156 0.843037
vt 0.074876 0.854214
vt 0.460455 0.240400
vt 0.615480 0.811107
vt 0.020668 0.717305
vt 0.453940 0.607063
vt 0.359514 0.616679
vt 0.634019 0.227224
vt 0.615622 0.234901
vt 0.616363 0.228233
vt 0.608817 0.225795
vt 0.289471 0.457551
vt 0.761844 0.439681
vt 0.787640 0.446326
vt 0.309995 0.532407
vt 0.383130 0.491250
vt 0.378019 0.480354
vt 0.716636 0.087746
vt 0.711030 0.001620
vt 0.614173 0.117782
vt 0.627484 0.129419
vt 0.614534 0.140786
vt 0.541803 0.147941
vt 0.521474 0.141846
vt 0.519688 0.146082
vt 0.548282 0.160469
vt 0.507761 0.158700
vt 0.593339 0.209767
vt 0.499661 0.192864
vt 0.496982 0.239827
vt 0.589677 0.147437
vt 0.681049 0.160030
vt 0.718739 0.173875
vt 0.721058 0.183298
vt 0.661886 0.177218
vt 0.623724 0.183643
vt 0.697928 0.245171
vt 0.681983 0.194446
vt 0.641896 0.240806
vt 0.656418 0.210873
vt 0.022332 0.346714
vt 0.061653 0.364215
vt 0.749909 0.562841
vt 0.561195 0.737635
vt 0.433262 0.214265
vt 0.484384 0.223467
vt 0.377578 0.221573
vt 0.527952 0.997106
vt 0.949213 0.224436
vt 0.390686 0.589616
vt 0.388869 0.580240
vt 0.367110 0.594840
vt 0.924907 0.170241
vt 0.918043 0.182834
vt 0.900729 0.168769
vt 0.962169 0.182943
vt 0.866912 0.029460
vt 0.017218 0.601947
vt 0.053032 0.603585
vt 0.736653 0.128031
vt 0.736999 0.124311
vt 0.855624 0.316235
vt 0.821852 0.324749
vt 0.826078 0.317771
vt 0.862629 0.524394
vt 0.441109 0.659797
vt 0.449726 0.661584
vt 0.804252 0.406998
vt 0.762240 0.339937
vt 0.734908 0.313689
vt 0.778912 0.314738
vt 0.855938 0.469912
vt 0.838926 0.416015
vt 0.771237 0.293835
vt 0.835612 0.398829
vt 0.922999 0.409285
vt 0.894374 0.372669
vt 0.856768 0.374914
vt 0.942924 0.320284
vt 0.922945 0.305597
vt 0.897218 0.533374
vt 0.885243 0.297844
vt 0.554151 0.747994
vt 0.587656 0.589882
vt 0.467962 0.486444
vt 0.492763 0.485182
vt 0.494842 0.493559
vt 0.516959 0.898050
vt 0.529100 0.926800
vt 0.885808 0.716466
vt 0.875707 0.716135
vt 0.882827 0.711968
vt 0.816274 0.518440
vt 0.738580 0.510937
vt 0.919948 0.021474
vt 0.578581 0.251585
vt 0.016594 0.605888
vt 0.857525 0.323306
vt 0.880756 0.521447
vt 0.668434 0.001526
vt 0.957801 0.203869
vt 0.034348 0.308587
vt 0.252890 0.434135
vt 0.266635 0.424570
vt 0.268561 0.431126
vt 0.708775 0.802338
vt 0.430919 0.065314
vt 0.776554 0.618847
vt 0.744399 0.563920
vt 0.751689 0.608249
vt 0.123206 0.332740
vt 0.510555 0.758180
vt 0.041537 0.715772
vt 0.124849 0.429326
vt 0.091677 0.301065
vt 0.860674 0.562067
vt 0.487485 0.194425
vt 0.628719 0.530491
vt 0.629293 0.533383
vt 0.932110 0.415775
vt 0.376977 0.780047
s 1
usemtl 10010_Coral_v1
f 2/1/1 17/2/2 65/3/3
f 62/4/4 6/5/5 64/6/6
f 1/7/7 44/8/8 4/9/9
f 5/10/10 4/9/9 44/8/8
f 4/9/9 7/11/11 1/7/7
f 19/12/12 10/13/13 7/11/11
f 60/14/14 7/11/11 10/13/13
f 57/15/15 11/16/16 56/17/17
f 49/18/18 15/19/19 48/20/20
f 55/21/21 56/17/17 53/22/22
f 13/23/23 16/24/24 12/25/25
f 53/22/22 12/25/25 16/24/24
f 7/11/11 61/26/26 1/7/7
f 7/11/11 60/14/14 61/26/26
f 7/11/11 12/25/25 56/17/17
f 14/27/27 12/25/25 49/18/18
f 14/27/27 13/23/23 12/25/25
f 14/27/27 49/18/18 51/28/28
f 10/13/13 19/12/12 59/29/29
f 7/11/11 20/30/30 9/31/31
f 23/32/32 40/33/33 41/34/34
f 43/35/35 41/34/34 42/36/36
f 24/37/37 25/38/38 34/39/39
f 33/40/40 25/38/38 24/37/37
f 28/41/41 2/1/1 65/3/3
f 28/41/41 27/42/42 2/1/1
f 3/43/43 2/1/1 27/42/42
f 21/44/44 24/37/37 3/43/43
f 23/32/32 3/43/43 24/37/37
f 23/32/32 24/37/37 26/45/45
f 24/37/37 36/46/46 26/45/45
f 37/47/47 26/45/45 36/46/46
f 37/47/47 38/48/48 26/45/45
f 89/49/49 28/50/41 65/51/3
f 22/52/50 27/53/42 29/54/51
f 3/55/43 27/53/42 22/52/50
f 28/50/41 29/54/51 27/53/42
f 33/56/40 32/57/52 25/58/38
f 90/59/53 41/60/34 40/61/33
f 84/62/54 91/63/55 43/64/35
f 44/65/8 45/66/56 5/67/10
f 5/68/10 46/69/57 4/70/9
f 73/71/58 12/72/25 9/73/31
f 47/74/59 15/75/19 12/72/25
f 47/74/59 48/76/20 15/75/19
f 13/77/23 14/78/27 97/79/60
f 19/80/12 58/81/61 83/82/62
f 8/83/63 101/84/64 61/85/26
f 63/86/65 62/87/4 101/84/64
f 61/85/26 101/84/64 62/87/4
f 67/88/66 68/89/67 102/90/68
f 71/91/69 70/92/70 46/93/57
f 45/94/56 71/91/69 46/93/57
f 45/94/56 46/93/57 5/95/10
f 70/92/70 100/96/71 92/97/72
f 101/98/64 72/99/73 63/100/65
f 79/101/74 73/102/58 100/96/71
f 79/101/74 75/103/75 74/104/76
f 79/101/74 13/105/23 97/106/60
f 79/101/74 55/107/21 81/108/77
f 77/109/78 79/101/74 80/110/79
f 47/111/59 77/109/78 80/110/79
f 47/111/59 80/110/79 94/112/80
f 55/107/21 54/113/81 81/108/77
f 95/114/82 97/106/60 96/115/83
f 70/92/70 68/89/67 67/88/66
f 100/96/71 70/92/70 72/99/73
f 79/101/74 100/96/71 75/103/75
f 83/116/62 75/103/75 100/96/71
f 95/114/82 96/115/83 52/117/84
f 83/116/62 99/118/85 59/119/29
f 92/97/72 100/96/71 93/120/86
f 73/102/58 93/120/86 100/96/71
f 84/121/54 69/122/87 91/123/55
f 30/124/88 85/125/89 69/122/87
f 90/126/53 69/122/87 84/121/54
f 90/126/53 84/121/54 42/127/36
f 41/128/34 90/126/53 42/127/36
f 35/129/90 86/130/91 88/131/92
f 32/132/52 33/133/40 31/134/93
f 39/135/94 86/130/91 90/126/53
f 66/136/95 102/90/68 89/137/49
f 69/122/87 28/138/41 68/89/67
f 31/134/93 69/122/87 86/130/91
f 38/139/48 37/140/47 88/131/92
f 30/141/88 29/54/51 85/142/89
f 39/143/94 90/59/53 40/61/33
f 42/144/36 84/62/54 43/64/35
f 91/63/55 71/145/69 44/65/8
f 20/146/30 92/147/72 93/148/86
f 9/73/31 93/149/86 73/71/58
f 12/72/25 73/71/58 77/150/78
f 52/151/84 51/152/28 95/153/82
f 14/78/27 52/154/84 96/155/83
f 13/77/23 81/156/77 16/157/24
f 54/158/81 53/159/22 81/160/77
f 75/161/75 57/162/15 74/163/76
f 78/164/96 57/162/15 75/161/75
f 75/165/75 58/81/61 76/166/97
f 60/167/14 10/168/13 99/169/85
f 6/170/5 63/86/65 70/171/70
f 102/172/68 66/173/95 65/174/3
f 133/175/98 103/176/99 132/177/100
f 121/178/101 103/176/99 105/179/102
f 107/180/103 162/181/104 104/182/105
f 121/178/101 124/183/106 122/184/107
f 149/185/108 108/186/109 124/183/106
f 124/183/106 112/187/110 120/188/111
f 114/189/112 111/190/113 113/191/114
f 119/192/115 152/193/116 120/188/111
f 123/194/117 116/195/118 120/188/111
f 120/188/111 112/187/110 119/192/115
f 115/196/119 186/197/120 120/188/111
f 117/198/121 120/188/111 186/197/120
f 122/184/107 124/183/106 110/199/122
f 208/200/123 124/183/106 158/201/124
f 120/188/111 152/193/116 123/194/117
f 190/202/125 106/203/126 126/204/127
f 136/205/128 126/204/127 135/206/129
f 140/207/130 130/208/131 129/209/132
f 132/177/100 103/176/99 211/210/133
f 133/175/98 134/211/134 103/176/99
f 190/202/125 131/212/135 106/203/126
f 141/213/136 143/214/137 131/212/135
f 133/215/98 198/216/138 134/217/134
f 126/218/127 134/217/134 135/219/129
f 198/216/138 135/219/129 134/217/134
f 136/220/128 191/221/139 126/222/127
f 131/223/135 190/224/125 194/225/140
f 142/226/141 199/227/142 143/228/137
f 192/229/143 127/230/144 128/231/145
f 121/232/101 105/233/102 167/234/146
f 173/235/147 189/236/148 108/237/109
f 125/238/149 150/239/150 124/240/106
f 150/239/150 112/241/110 124/240/106
f 202/242/151 184/243/152 112/241/110
f 184/243/152 119/244/115 112/241/110
f 152/245/116 153/246/153 123/247/117
f 123/247/117 153/246/153 154/248/154
f 116/249/118 188/250/155 183/251/156
f 157/252/157 111/253/113 180/254/158
f 207/255/159 111/256/113 157/257/157
f 159/258/160 208/259/123 178/260/161
f 172/261/162 161/262/163 122/263/107
f 161/264/163 209/265/164 109/266/165
f 122/267/107 210/268/166 107/269/103
f 162/270/104 166/271/167 104/272/105
f 163/273/168 104/272/105 166/271/167
f 168/274/169 211/275/133 164/276/170
f 168/274/169 132/277/100 211/275/133
f 166/278/167 167/279/146 168/280/169
f 174/281/171 201/282/172 171/283/173
f 209/284/164 172/285/162 210/286/166
f 172/285/162 209/284/164 161/287/163
f 202/288/151 150/289/150 176/290/174
f 177/291/175 176/290/174 175/292/176
f 178/293/161 176/290/174 177/291/175
f 181/294/177 206/295/178 156/296/179
f 156/296/179 206/295/178 179/297/180
f 207/298/159 180/299/158 179/297/180
f 205/300/181 181/294/177 156/296/179
f 204/301/182 186/302/120 205/300/181
f 171/283/173 166/278/167 172/285/162
f 174/281/171 171/283/173 173/303/147
f 181/294/177 187/304/183 182/305/184
f 190/306/125 191/307/139 198/308/138
f 135/309/129 198/308/138 191/307/139
f 170/310/185 145/311/186 192/312/143
f 193/313/187 139/314/188 138/315/189
f 138/315/189 195/316/190 194/317/140
f 169/318/191 168/280/169 167/279/146
f 170/310/185 198/308/138 169/318/191
f 198/308/138 170/310/185 190/306/125
f 193/313/187 190/306/125 170/310/185
f 193/313/187 192/312/143 196/319/192
f 199/320/142 197/321/193 193/313/187
f 199/320/142 142/322/141 197/321/193
f 198/216/138 133/215/98 169/323/191
f 139/324/188 193/325/187 140/326/130
f 192/229/143 128/231/145 196/327/192
f 170/328/185 146/329/194 145/330/186
f 105/233/102 146/329/194 167/234/146
f 167/234/146 171/331/173 121/232/101
f 148/332/195 147/333/196 201/334/172
f 149/335/108 148/336/195 174/337/171
f 182/338/184 152/245/116 185/339/197
f 152/245/116 182/338/184 187/340/183
f 187/340/183 153/246/153 152/245/116
f 154/248/154 153/246/153 187/340/183
f 156/341/179 118/342/198 205/343/181
f 114/344/112 179/345/180 180/346/158
f 158/347/124 111/256/113 207/255/159
f 206/348/178 208/259/123 158/347/124
f 178/260/161 208/259/123 176/349/174
f 122/263/107 110/350/122 175/351/176
f 166/352/167 107/269/103 210/268/166
f 211/353/133 163/273/168 164/354/170
f 233/355/199 212/356/200 242/357/201
f 213/358/202 274/359/203 316/360/204
f 215/361/205 274/359/203 213/358/202
f 213/358/202 217/362/206 215/361/205
f 221/363/207 257/364/208 220/365/209
f 226/366/210 220/365/209 257/364/208
f 271/367/211 220/365/209 270/368/212
f 223/369/213 222/370/214 226/366/210
f 225/371/215 226/366/210 261/372/216
f 265/373/217 226/366/210 227/374/218
f 226/366/210 257/364/208 258/375/219
f 225/371/215 262/376/220 226/366/210
f 227/374/218 226/366/210 262/376/220
f 262/376/220 228/377/221 227/374/218
f 214/378/222 213/358/202 212/356/200
f 271/367/211 215/361/205 220/365/209
f 269/379/223 220/365/209 226/366/210
f 226/366/210 260/380/224 229/381/225
f 229/381/225 295/382/226 296/383/227
f 656/384/228 230/385/229 229/381/225
f 314/386/230 315/387/231 220/365/209
f 270/368/212 220/365/209 315/387/231
f 220/365/209 255/388/232 231/389/233
f 247/390/234 243/391/235 234/392/236
f 236/393/237 232/394/238 235/395/239
f 249/396/240 238/397/241 248/398/242
f 212/356/200 233/355/199 232/394/238
f 247/390/234 235/395/239 232/394/238
f 300/399/243 244/400/244 233/401/199
f 245/402/245 243/403/235 246/404/246
f 248/405/242 235/406/239 247/407/234
f 306/408/247 250/409/248 657/410/249
f 251/411/250 240/412/251 304/413/252
f 241/414/253 307/415/254 251/416/250
f 239/417/255 301/418/256 236/419/237
f 237/420/257 252/421/258 232/422/238
f 309/423/259 299/424/260 252/421/258
f 253/425/261 254/426/262 217/427/206
f 258/428/219 257/429/208 310/430/263
f 261/431/216 230/432/229 297/433/264
f 225/434/215 261/431/216 293/435/265
f 293/435/265 262/436/220 225/434/215
f 264/437/266 292/438/267 227/439/218
f 289/440/268 266/441/269 223/442/213
f 220/443/209 269/444/223 314/445/230
f 270/446/212 315/447/231 287/448/270
f 271/449/211 270/450/212 287/451/270
f 272/452/271 215/453/205 271/449/211
f 219/454/272 273/455/273 218/456/274
f 282/457/275 218/456/274 273/455/273
f 280/458/276 276/459/277 317/460/278
f 317/461/278 279/462/279 282/463/275
f 280/464/276 278/465/280 277/466/281
f 281/467/282 254/468/262 283/469/283
f 254/468/262 253/470/261 283/469/283
f 272/471/271 273/472/273 219/473/272
f 310/474/263 221/475/207 285/476/284
f 287/477/270 286/478/285 285/476/284
f 285/476/284 314/479/230 313/480/286
f 294/481/287 310/474/263 285/476/284
f 265/482/217 292/483/267 294/481/287
f 311/484/288 259/485/289 294/481/287
f 294/481/287 292/483/267 291/486/290
f 261/487/216 312/488/291 293/489/265
f 281/467/282 278/465/280 282/463/275
f 289/490/268 285/476/284 313/480/286
f 265/482/217 294/481/287 289/490/268
f 296/491/227 295/492/226 312/488/291
f 299/493/260 305/494/292 298/495/293
f 234/496/236 244/497/244 300/498/243
f 303/499/294 304/500/252 306/501/247
f 298/495/293 300/498/243 278/465/280
f 300/498/243 298/495/293 305/494/292
f 301/502/256 308/503/295 305/494/292
f 302/504/296 303/505/294 248/405/242
f 237/506/257 301/418/256 309/507/259
f 299/424/260 298/508/293 252/421/258
f 214/509/222 281/510/282 216/511/297
f 231/512/233 255/513/232 256/514/298
f 256/514/298 255/513/232 284/515/299
f 260/516/224 311/517/288 294/518/287
f 262/436/220 293/435/265 291/519/290
f 266/441/269 289/440/268 288/520/300
f 313/521/286 268/522/301 267/523/302
f 314/445/230 286/524/285 315/525/231
f 272/452/271 271/449/211 285/526/284
f 316/527/204 274/528/203 282/457/275
f 318/529/303 380/530/304 381/531/305
f 324/532/306 323/533/307 380/530/304
f 330/534/308 327/535/309 325/536/310
f 328/537/311 332/538/312 325/536/310
f 332/538/312 335/539/313 325/536/310
f 334/540/314 331/541/315 333/542/316
f 335/539/313 365/543/317 336/544/318
f 335/539/313 332/538/312 365/543/317
f 335/539/313 337/545/319 339/546/320
f 361/547/321 325/536/310 320/548/322
f 325/536/310 361/547/321 362/549/323
f 327/535/309 324/532/306 325/536/310
f 324/532/306 327/535/309 377/550/324
f 330/534/308 325/536/310 375/551/325
f 325/536/310 335/539/313 333/542/316
f 338/552/326 335/539/313 367/553/327
f 338/552/326 337/545/319 335/539/313
f 363/554/328 328/537/311 325/536/310
f 341/555/329 342/556/330 355/557/331
f 341/555/329 353/558/332 342/556/330
f 319/559/333 344/560/334 343/561/335
f 358/562/336 319/559/333 343/561/335
f 348/563/337 346/564/338 356/565/339
f 349/566/340 344/560/334 350/567/341
f 352/568/342 318/529/303 383/569/343
f 353/558/332 319/559/333 318/529/303
f 350/567/341 344/560/334 345/570/344
f 430/571/345 412/572/346 352/573/342
f 406/574/347 413/575/348 342/576/330
f 410/577/349 409/578/350 356/579/339
f 348/580/337 408/581/351 346/582/338
f 351/583/352 417/584/353 350/585/341
f 417/584/353 349/586/340 350/585/341
f 343/587/335 349/588/340 418/589/354
f 359/590/355 388/591/356 358/592/336
f 322/593/357 390/594/358 361/595/321
f 404/596/359 391/597/360 328/598/311
f 398/599/361 365/600/317 332/601/312
f 335/602/313 397/603/362 367/604/327
f 369/605/363 338/606/326 340/607/364
f 422/608/365 372/609/366 339/610/320
f 372/611/366 399/612/367 339/613/320
f 331/614/315 374/615/368 375/616/325
f 378/617/369 377/618/324 425/619/370
f 428/620/371 324/621/306 427/622/372
f 324/621/306 428/620/371 323/623/307
f 383/624/343 382/625/373 429/626/374
f 429/626/374 352/627/342 383/624/343
f 430/628/345 429/629/374 384/630/375
f 359/631/355 384/630/375 386/632/376
f 386/632/376 387/633/377 390/634/358
f 388/635/356 390/634/358 420/636/378
f 390/634/358 322/637/357 420/636/378
f 428/638/371 385/639/379 323/640/307
f 390/634/358 387/633/377 389/641/380
f 378/642/369 427/643/372 426/644/381
f 424/645/382 387/633/377 329/646/383
f 387/633/377 403/647/384 393/648/385
f 397/649/362 366/650/386 398/651/361
f 400/652/387 421/653/388 395/654/389
f 399/655/367 422/656/365 423/657/390
f 422/656/365 399/655/367 372/658/366
f 382/659/373 385/639/379 429/629/374
f 428/638/371 387/633/377 385/639/379
f 387/633/377 427/643/372 378/642/369
f 395/654/389 402/660/391 397/649/362
f 402/660/391 421/653/388 370/661/392
f 354/662/393 414/663/394 406/664/347
f 410/665/349 359/631/355 419/666/395
f 409/667/350 410/665/349 416/668/396
f 416/668/396 415/669/397 408/670/351
f 410/665/349 418/671/354 417/672/353
f 354/662/393 359/631/355 414/663/394
f 414/663/394 359/631/355 410/665/349
f 418/671/354 410/665/349 419/666/395
f 410/665/349 411/673/398 416/668/396
f 384/674/375 353/675/332 412/572/346
f 384/674/375 354/676/393 353/675/332
f 354/676/393 406/574/347 353/675/332
f 355/677/331 413/678/348 406/679/347
f 414/680/394 355/677/331 406/679/347
f 341/681/329 414/680/394 410/577/349
f 358/592/336 405/682/399 359/590/355
f 386/683/376 388/591/356 359/590/355
f 322/684/357 360/685/400 420/686/378
f 389/687/380 362/688/323 390/594/358
f 368/689/401 367/604/327 402/690/391
f 397/603/362 402/690/391 367/604/327
f 402/690/391 340/691/364 368/689/401
f 369/605/363 402/692/391 370/693/392
f 370/694/392 421/695/388 371/696/402
f 421/695/388 400/697/387 337/698/319
f 422/608/365 337/698/319 400/697/387
f 401/699/403 339/613/320 399/700/367
f 373/701/404 401/702/403 423/703/390
f 396/704/405 334/705/314 394/706/406
f 393/707/385 375/616/325 392/708/407
f 387/709/377 425/619/370 329/710/383
f 387/709/377 378/617/369 425/619/370
f 379/711/408 426/712/381 324/621/306
f 380/713/304 385/714/379 381/715/305
f 429/626/374 430/716/345 352/627/342
f 381/715/305 382/717/373 383/718/343
f 456/719/409 431/720/410 490/721/411
f 432/722/412 467/723/413 434/724/414
f 468/725/415 471/726/416 434/724/414
f 433/727/417 488/728/418 431/720/410
f 438/729/419 487/730/420 439/731/421
f 438/729/419 473/732/422 445/733/423
f 483/734/424 484/735/425 442/736/426
f 445/733/423 483/734/424 442/736/426
f 475/737/427 445/733/423 474/738/428
f 478/739/429 443/740/430 445/733/423
f 445/733/423 473/732/422 474/738/428
f 444/741/431 446/742/432 480/743/433
f 444/741/431 535/744/434 508/745/435
f 456/719/409 490/721/411 447/746/436
f 435/747/437 433/727/417 431/720/410
f 431/720/410 432/722/412 435/747/437
f 438/729/419 434/724/414 436/748/438
f 435/747/437 434/724/414 438/729/419
f 439/731/421 435/747/437 438/729/419
f 441/749/439 438/729/419 486/750/440
f 445/733/423 505/751/441 478/739/429
f 478/739/429 532/752/442 443/740/430
f 487/730/420 441/749/439 451/753/443
f 454/754/444 455/755/445 461/756/446
f 518/757/447 461/756/446 455/755/445
f 453/758/448 458/759/449 457/760/450
f 458/759/449 660/761/451 463/762/452
f 464/763/453 458/759/449 522/764/454
f 465/765/455 458/759/449 464/763/453
f 493/766/456 456/719/409 447/746/436
f 454/754/444 458/759/449 453/758/448
f 529/767/457 465/765/455 464/763/453
f 456/768/409 493/769/456 495/770/458
f 455/771/445 460/772/459 518/773/447
f 458/774/449 454/775/444 462/776/460
f 528/777/461 463/778/452 660/779/451
f 516/780/462 466/781/463 457/782/450
f 466/783/463 515/784/464 453/785/448
f 467/786/413 432/787/412 497/788/465
f 472/789/466 514/790/467 436/791/438
f 504/792/468 474/793/428 473/794/422
f 476/795/469 475/796/427 474/797/428
f 475/798/427 477/799/470 445/800/423
f 505/801/441 445/800/423 477/799/470
f 479/802/471 449/803/472 478/804/429
f 532/805/442 478/806/429 449/807/472
f 443/808/430 509/809/473 533/810/474
f 482/811/475 483/812/424 444/813/431
f 442/814/426 502/815/476 503/816/477
f 486/817/440 537/818/478 441/819/439
f 500/820/479 451/821/443 513/822/480
f 439/823/421 487/824/420 500/825/479
f 447/826/436 492/827/481 494/828/482
f 447/826/436 494/828/482 493/829/456
f 489/830/483 497/831/465 491/832/484
f 467/833/413 497/831/465 469/834/485
f 538/835/486 472/836/466 497/831/465
f 499/837/487 472/836/466 538/835/486
f 539/838/488 498/839/489 496/840/490
f 437/841/491 498/839/489 539/838/488
f 500/842/479 499/837/487 538/835/486
f 513/843/480 499/837/487 500/842/479
f 536/844/492 511/845/493 537/846/478
f 502/847/476 511/845/493 503/848/477
f 477/849/470 506/850/494 505/851/441
f 477/849/470 504/852/468 506/850/494
f 477/849/470 476/853/469 504/852/468
f 482/854/475 506/850/494 484/855/425
f 501/856/495 506/850/494 504/852/468
f 507/857/496 482/854/475 534/858/497
f 534/858/497 482/854/475 508/859/435
f 481/860/498 534/858/497 535/861/434
f 533/862/474 509/863/473 510/864/499
f 498/839/489 538/835/486 497/831/465
f 484/855/425 506/850/494 511/845/493
f 505/851/441 506/850/494 510/864/499
f 507/857/496 510/864/499 506/850/494
f 450/865/500 510/864/499 509/863/473
f 514/866/467 499/837/487 531/867/501
f 472/836/466 499/837/487 514/866/467
f 461/868/446 518/869/447 460/870/459
f 522/871/454 523/872/502 521/873/503
f 462/874/460 521/873/503 523/872/502
f 540/875/504 494/876/482 495/877/458
f 519/878/505 517/879/506 495/877/458
f 517/879/506 519/878/505 524/880/507
f 519/878/505 521/873/503 524/880/507
f 530/881/508 525/882/509 522/871/454
f 530/881/508 529/883/457 525/882/509
f 493/769/456 540/884/504 495/770/458
f 517/885/506 460/772/459 456/768/409
f 519/886/505 526/887/510 521/888/503
f 519/886/505 516/780/462 457/782/450
f 432/787/412 515/784/464 497/788/465
f 519/889/505 497/788/465 515/784/464
f 469/890/485 470/891/511 468/892/415
f 440/893/512 514/894/467 531/895/501
f 474/793/428 504/792/468 476/896/469
f 475/798/427 476/897/469 477/799/470
f 507/898/496 534/899/497 480/900/433
f 508/901/435 535/902/434 534/903/497
f 484/904/425 483/812/424 482/811/475
f 484/904/425 511/905/493 502/815/476
f 537/818/478 512/906/513 441/819/439
f 439/823/421 500/825/479 538/907/486
f 439/823/421 538/907/486 498/908/489
f 496/909/490 433/910/417 539/911/488
f 488/912/418 433/910/417 496/909/490
f 489/913/483 491/914/484 431/915/410
f 494/828/482 540/916/504 493/829/456
f 491/914/484 492/917/481 490/918/411
f 542/919/514 602/920/515 541/921/516
f 572/922/517 563/923/518 542/919/514
f 542/919/514 543/924/519 544/925/520
f 601/926/521 650/927/522 602/920/515
f 544/925/520 547/928/523 546/929/524
f 549/930/525 553/931/526 545/932/527
f 595/933/528 545/932/527 553/931/526
f 548/934/529 551/935/530 598/936/531
f 590/937/532 557/938/533 595/933/528
f 589/939/534 586/940/535 588/941/536
f 592/942/537 590/937/532 556/943/538
f 557/938/533 590/937/532 645/944/539
f 645/944/539 646/945/540 557/938/533
f 603/946/541 541/921/516 651/947/542
f 551/935/530 595/933/528 550/948/543
f 545/932/527 595/933/528 551/935/530
f 556/943/538 558/949/544 561/950/545
f 562/951/546 561/950/545 558/949/544
f 598/936/531 551/935/530 597/952/547
f 580/953/548 563/923/518 569/954/549
f 563/923/518 564/955/550 574/956/551
f 567/957/552 566/958/553 570/959/554
f 570/959/554 578/960/555 568/961/556
f 654/962/557 572/963/517 604/964/558
f 572/965/517 635/966/559 563/967/518
f 563/968/518 580/969/548 581/970/560
f 606/971/561 542/972/514 581/970/560
f 584/973/562 585/974/563 642/975/564
f 620/976/565 586/977/535 553/978/526
f 618/979/566 588/980/536 587/981/567
f 590/982/532 589/983/534 617/984/568
f 554/985/569 595/986/528 647/987/570
f 624/988/571 551/989/530 596/990/572
f 550/991/543 596/990/572 551/989/530
f 597/992/547 551/989/530 625/993/573
f 607/994/574 547/995/523 544/996/520
f 544/997/520 546/998/524 600/999/575
f 544/997/520 600/999/575 601/1000/521
f 650/1001/522 652/1002/576 602/1003/515
f 541/1004/516 602/1003/515 651/1005/542
f 603/1006/541 653/1007/577 541/1008/516
f 605/1009/578 635/1010/559 654/1011/557
f 652/1012/576 605/1009/578 651/1013/542
f 584/1014/562 642/1015/564 583/1016/579
f 599/1017/580 607/1018/574 600/1019/575
f 607/1018/574 599/1017/580 547/1020/523
f 612/1021/581 648/1022/582 647/1023/570
f 648/1022/582 612/1021/581 616/1024/583
f 619/1025/584 617/1026/568 614/1027/585
f 621/1028/586 644/1029/587 617/1026/568
f 618/1030/566 587/1031/567 620/1032/565
f 619/1025/584 614/1027/585 594/1033/588
f 606/1034/561 605/1009/578 584/1014/562
f 600/1019/575 607/1018/574 652/1012/576
f 643/1035/589 613/1036/590 617/1026/568
f 622/1037/591 591/1038/592 617/1026/568
f 622/1037/591 560/1039/593 591/1038/592
f 609/1040/594 624/1041/571 610/1042/595
f 609/1040/594 611/1043/596 625/1044/573
f 624/1041/571 609/1040/594 625/1044/573
f 574/1045/551 629/1046/597 627/1047/598
f 574/1045/551 573/1048/599 629/1046/597
f 641/1049/600 581/1050/560 630/1051/601
f 658/1052/602 633/1053/603 632/1054/604
f 658/1052/602 632/1054/604 638/1055/605
f 633/1053/603 627/1047/598 630/1051/601
f 571/1056/606 632/1054/604 630/1051/601
f 636/1057/607 632/1054/604 634/1058/608
f 572/963/517 654/962/557 635/966/559
f 628/1059/609 629/1060/597 635/966/559
f 573/1061/599 564/1062/550 629/1060/597
f 575/1063/610 627/1064/598 633/1065/603
f 567/1066/552 576/1067/611 633/1065/603
f 640/1068/612 565/1069/613 631/1070/614
f 583/1071/579 582/1072/615 606/971/561
f 543/1073/519 606/971/561 582/1072/615
f 608/1074/616 585/974/563 584/973/562
f 559/1075/617 608/1074/616 626/1076/618
f 613/1077/590 549/1078/525 610/1079/595
f 588/1080/536 618/1081/566 589/983/534
f 589/983/534 643/1082/589 617/984/568
f 644/1083/587 621/1084/586 592/1085/537
f 594/1086/588 646/1087/540 619/1088/584
f 557/1089/533 594/1090/588 614/1091/585
f 615/1092/619 649/1093/620 612/1094/581
f 596/990/572 615/1095/619 612/1096/581
f 611/1097/596 609/1098/594 598/1099/531
f 548/1100/529 609/1098/594 607/994/574
f 607/994/574 544/996/520 548/1100/529
f 601/1000/521 600/999/575 650/1101/522
f 197/1102/193 142/1103/141 141/1104/136
f 123/1105/117 187/1106/183 203/1107/621
f 116/249/118 203/1108/621 188/250/155
f 312/1109/291 656/1110/228 229/1111/225
f 230/432/229 656/1112/228 297/433/264
f 251/411/250 304/413/252 241/1113/253
f 657/410/249 250/409/248 238/1114/241
f 306/408/247 657/410/249 303/1115/294
f 246/404/246 243/403/235 244/400/244
f 138/1116/189 129/1117/132 130/1118/131
f 191/307/139 136/1119/128 135/309/129
f 659/1120/622 568/961/556 578/960/555
f 658/1121/602 577/1122/623 566/1123/553
f 638/1124/605 577/1125/623 639/1126/624
f 659/1127/622 634/1128/608 568/1129/556
f 561/1130/545 562/1131/546 623/1132/625
f 525/1133/509 529/1134/457 464/1135/453
f 450/1136/500 509/809/473 443/808/430
f 528/777/461 660/779/451 523/1137/502
f 528/1138/461 522/1139/454 463/1140/452
f 532/805/442 510/1141/499 450/1142/500
f 347/1143/626 346/582/338 415/1144/397
f 408/581/351 415/1144/397 346/582/338
f 416/1145/396 347/1146/626 415/1147/397
f 44/8/8 2/1/1 3/43/43
f 1/7/7 62/4/4 64/6/6
f 4/9/9 92/1148/72 7/11/11
f 7/11/11 56/17/17 58/1149/61
f 56/17/17 11/16/16 58/1149/61
f 7/11/11 9/31/31 12/25/25
f 57/15/15 78/1150/96 11/16/16
f 49/18/18 12/25/25 15/19/19
f 12/25/25 53/22/22 56/17/17
f 98/1151/627 53/22/22 16/24/24
f 1/7/7 2/1/1 44/8/8
f 2/1/1 1/7/7 17/2/2
f 1/7/7 61/26/26 62/4/4
f 18/1152/628 51/28/28 49/18/18
f 18/1152/628 50/1153/629 51/28/28
f 14/27/27 51/28/28 52/1154/84
f 58/1149/61 19/12/12 7/11/11
f 3/43/43 23/32/32 43/35/35
f 21/44/44 3/43/43 22/1155/50
f 29/1156/51 30/1157/88 22/1155/50
f 43/35/35 23/32/32 41/34/34
f 40/1158/33 23/32/32 26/45/45
f 69/1159/87 21/1160/44 22/1161/50
f 22/1161/50 30/1162/88 69/1159/87
f 21/1160/44 31/1163/93 24/1164/37
f 35/1165/90 24/1166/37 34/1167/39
f 36/1168/46 24/1166/37 35/1165/90
f 39/1169/94 26/1170/45 38/1171/48
f 26/1172/45 39/143/94 40/61/33
f 91/63/55 44/65/8 3/1173/43
f 43/64/35 91/63/55 3/1173/43
f 46/69/57 92/147/72 4/70/9
f 7/1174/11 92/147/72 20/146/30
f 20/1175/30 93/149/86 9/73/31
f 77/150/78 47/74/59 12/72/25
f 35/1165/90 34/1167/39 87/1176/630 86/1177/91
f 49/1178/18 80/1179/79 82/1180/631
f 51/152/28 50/1181/629 95/153/82
f 55/1182/21 53/1183/22 54/1184/81
f 76/1185/97 11/1186/16 78/1187/96
f 11/1188/16 76/166/97 58/81/61
f 83/82/62 59/1189/29 19/80/12
f 99/1190/85 10/1191/13 59/1192/29
f 72/1193/73 61/1194/26 60/167/14
f 8/1195/63 61/1194/26 72/1193/73
f 6/170/5 62/87/4 63/86/65
f 65/174/3 17/1196/2 102/172/68
f 67/88/66 6/1197/5 70/92/70
f 91/123/55 69/122/87 68/89/67
f 46/93/57 70/92/70 92/97/72
f 72/99/73 101/98/64 8/1198/63
f 79/101/74 77/109/78 73/102/58
f 76/1199/97 78/1200/96 75/103/75
f 82/1201/631 80/110/79 79/101/74
f 13/105/23 79/101/74 81/108/77
f 95/114/82 79/101/74 97/106/60
f 71/91/69 68/89/67 70/92/70
f 70/92/70 63/100/65 72/99/73
f 74/104/76 55/107/21 79/101/74
f 79/101/74 95/114/82 82/1201/631
f 83/116/62 100/96/71 99/118/85
f 85/125/89 28/138/41 69/122/87
f 86/130/91 69/122/87 90/126/53
f 32/132/52 86/130/91 87/1202/630
f 86/130/91 32/132/52 31/134/93
f 39/135/94 38/139/48 86/130/91
f 68/89/67 89/137/49 102/90/68
f 68/89/67 28/138/41 89/137/49
f 86/130/91 38/139/48 88/131/92
f 29/54/51 28/50/41 85/142/89
f 31/1163/93 21/1160/44 69/1159/87
f 163/1203/168 211/1204/133 103/176/99 121/178/101
f 35/1165/90 88/1205/92 36/1168/46
f 91/63/55 68/1206/67 71/145/69
f 71/145/69 45/66/56 44/65/8
f 47/1207/59 94/1208/80 48/1209/20
f 95/1210/82 18/1211/628 49/1178/18
f 49/1178/18 82/1180/631 95/1210/82
f 18/1211/628 95/1210/82 50/1212/629
f 97/79/60 14/78/27 96/155/83
f 98/1213/627 81/160/77 53/159/22
f 74/163/76 56/1214/17 55/1182/21
f 56/1214/17 74/163/76 57/162/15
f 58/81/61 75/165/75 83/82/62
f 60/167/14 99/169/85 100/1215/71
f 60/167/14 100/1215/71 72/1193/73
f 67/1216/66 1/1217/7 64/1218/6
f 64/1218/6 6/1219/5 67/1216/66
f 17/1220/2 1/1217/7 102/1221/68
f 89/49/49 65/51/3 66/1222/95
f 102/1221/68 1/1217/7 67/1216/66
f 104/182/105 163/1203/168 121/178/101
f 134/211/134 106/203/126 103/176/99
f 146/1223/194 105/179/102 103/176/99
f 124/183/106 121/178/101 149/185/108
f 149/185/108 121/178/101 147/1224/196
f 149/185/108 147/1224/196 148/1225/195
f 122/184/107 161/1226/163 109/1227/165
f 124/183/106 159/1228/160 160/1229/632
f 160/1229/632 110/199/122 124/183/106
f 158/201/124 120/188/111 113/191/114
f 111/190/113 158/201/124 113/191/114
f 114/189/112 180/1230/158 111/190/113
f 152/193/116 119/192/115 151/1231/633
f 120/188/111 116/195/118 115/1232/119
f 120/188/111 117/198/121 113/191/114
f 118/1233/198 113/191/114 117/198/121
f 117/198/121 155/1234/634 118/1233/198
f 204/1235/182 117/198/121 186/197/120
f 106/203/126 131/212/135 128/1236/145 146/1223/194
f 104/182/105 122/184/107 107/180/103
f 104/182/105 121/178/101 122/184/107
f 108/186/109 125/1237/149 124/183/106
f 158/201/124 124/183/106 120/188/111
f 116/195/118 123/194/117 203/1238/621
f 159/1228/160 124/183/106 208/200/123
f 146/1223/194 103/176/99 106/203/126
f 121/232/101 171/331/173 201/334/172 147/333/196
f 146/1223/194 128/1236/145 127/1239/144
f 131/212/135 144/1240/635 128/1236/145
f 140/207/130 131/212/135 130/208/131
f 141/213/136 131/212/135 140/207/130
f 130/208/131 131/212/135 137/1241/636
f 144/1240/635 131/212/135 143/214/137
f 134/211/134 126/204/127 106/203/126
f 143/214/137 141/213/136 142/1242/141
f 132/1243/100 165/1244/637 133/215/98
f 191/221/139 190/224/125 126/222/127
f 130/1118/131 137/1245/636 138/1116/189
f 137/1245/636 195/1246/190 138/1116/189
f 129/1247/132 139/324/188 140/326/130
f 196/1248/192 144/1249/635 143/228/137
f 196/327/192 128/231/145 144/1250/635
f 192/229/143 200/1251/638 127/230/144
f 127/1252/144 200/1253/638 146/329/194
f 122/267/107 109/266/165 209/265/164 210/268/166
f 108/237/109 149/335/108 173/235/147
f 108/237/109 189/236/148 125/1254/149
f 125/238/149 189/1255/148 150/239/150
f 119/1256/115 185/1257/197 151/1258/633
f 151/1259/633 185/339/197 152/245/116
f 187/1106/183 123/1105/117 154/1260/154
f 116/249/118 183/251/156 115/1261/119
f 114/344/112 113/1262/114 156/341/179
f 159/1263/160 177/1264/175 160/1265/632
f 115/1266/119 181/294/177 205/300/181 186/302/120
f 168/274/169 165/1267/637 132/277/100
f 165/1268/637 168/280/169 169/318/191
f 167/279/146 170/310/185 169/318/191
f 174/281/171 148/1269/195 201/282/172
f 179/297/180 206/295/178 207/298/159
f 176/290/174 181/294/177 202/288/151
f 185/1270/197 184/1271/152 182/305/184
f 115/1266/119 183/1272/156 181/294/177
f 182/305/184 184/1271/152 202/288/151
f 177/1273/175 175/351/176 110/350/122 160/1274/632
f 655/1275/639 205/300/181 155/1276/634
f 655/1275/639 204/301/182 205/300/181
f 187/304/183 181/294/177 183/1272/156
f 171/283/173 167/279/146 166/278/167
f 163/1277/168 166/278/167 168/280/169
f 176/290/174 171/283/173 172/285/162
f 166/278/167 210/286/166 172/285/162
f 171/283/173 176/290/174 173/303/147
f 172/285/162 175/292/176 176/290/174
f 173/303/147 176/290/174 189/1278/148
f 181/294/177 176/290/174 206/295/178
f 182/305/184 202/288/151 181/294/177
f 183/1272/156 188/1279/155 187/304/183
f 203/1280/621 187/304/183 188/1279/155
f 176/290/174 150/289/150 189/1278/148
f 145/311/186 200/1281/638 192/312/143
f 193/313/187 138/315/189 194/317/140
f 199/320/142 193/313/187 196/319/192
f 192/312/143 193/313/187 170/310/185
f 194/317/140 190/306/125 193/313/187
f 165/1244/637 169/323/191 133/215/98
f 137/1282/636 131/223/135 194/225/140
f 194/225/140 195/1283/190 137/1282/636
f 140/326/130 197/1102/193 141/1104/136
f 193/325/187 197/1102/193 140/326/130
f 143/228/137 199/227/142 196/1248/192
f 146/329/194 200/1253/638 145/330/186
f 170/328/185 167/234/146 146/329/194
f 149/335/108 174/337/171 173/235/147
f 150/239/150 202/242/151 112/241/110
f 119/1256/115 184/1284/152 185/1257/197
f 655/1285/639 117/1286/121 204/1287/182
f 118/342/198 155/1288/634 205/343/181
f 113/1262/114 118/342/198 156/341/179
f 179/345/180 114/344/112 156/341/179
f 180/254/158 207/1289/159 157/252/157
f 206/348/178 158/347/124 207/255/159
f 176/349/174 208/259/123 206/348/178
f 159/1263/160 178/1290/161 177/1264/175
f 224/1291/640 258/1292/219 290/1293/641 259/1294/289
f 172/261/162 122/263/107 175/351/176
f 107/269/103 166/352/167 162/1295/104
f 168/1296/169 164/354/170 163/273/168
f 276/1297/277 212/356/200 213/358/202
f 275/1298/642 276/1297/277 213/358/202
f 212/356/200 232/394/238 214/378/222
f 217/362/206 214/378/222 216/1299/297
f 217/362/206 216/1300/297 253/1301/261
f 213/358/202 316/360/204 275/1298/642
f 217/362/206 255/388/232 215/361/205
f 215/361/205 219/1302/272 218/1303/274
f 226/366/210 222/370/214 269/379/223
f 222/370/214 267/1304/302 268/1305/301
f 226/366/210 265/373/217 223/369/213
f 223/369/213 266/1306/269 222/370/214
f 267/1304/302 222/370/214 266/1306/269
f 260/380/224 226/366/210 258/375/219
f 258/375/219 311/1307/288 260/380/224
f 311/1307/288 258/375/219 224/1308/640
f 226/366/210 229/381/225 261/372/216
f 263/1309/643 228/377/221 262/376/220
f 214/378/222 217/362/206 213/358/202
f 215/361/205 218/1303/274 274/359/203
f 220/365/209 215/361/205 255/388/232
f 229/381/225 260/380/224 295/382/226
f 261/372/216 229/381/225 230/385/229
f 221/363/207 220/365/209 231/389/233
f 214/378/222 232/394/238 252/1310/258
f 247/390/234 232/394/238 243/391/235
f 232/394/238 236/393/237 237/1311/257
f 240/1312/251 235/395/239 238/397/241
f 238/397/241 250/1313/248 240/1312/251
f 240/1312/251 251/1314/250 235/395/239
f 238/397/241 235/395/239 248/398/242
f 235/395/239 251/1314/250 239/1315/255
f 233/355/199 243/391/235 232/394/238
f 235/395/239 239/1315/255 236/393/237
f 242/1316/201 277/1317/281 233/1318/199
f 233/401/199 244/400/244 243/403/235
f 245/1319/245 246/1320/246 234/1321/236
f 238/1114/241 249/1322/240 657/410/249
f 250/1323/248 306/1324/247 240/412/251
f 239/1325/255 251/416/250 307/415/254
f 307/415/254 308/1326/295 239/1325/255
f 308/1327/295 301/418/256 239/417/255
f 237/420/257 309/423/259 252/421/258
f 254/426/262 255/513/232 217/427/206
f 231/1328/233 256/1329/298 221/1330/207
f 221/1330/207 310/430/263 257/429/208
f 285/476/284 284/1331/299 254/468/262 282/463/275
f 224/1332/640 259/1333/289 311/517/288
f 312/1109/291 229/1111/225 296/1334/227
f 289/440/268 223/442/213 265/1335/217
f 222/1336/214 268/522/301 269/444/223
f 272/452/271 219/1337/272 215/453/205
f 242/1338/201 276/459/277 280/458/276
f 280/458/276 277/1339/281 242/1338/201
f 281/467/282 282/463/275 254/468/262
f 279/462/279 316/1340/204 282/463/275
f 272/471/271 282/463/275 273/472/273
f 287/477/270 285/476/284 271/1341/211
f 289/490/268 313/480/286 288/1342/300
f 288/1342/300 313/480/286 267/1343/302
f 290/1344/641 294/481/287 259/485/289
f 312/488/291 294/481/287 293/489/265
f 292/483/267 228/1345/221 291/486/290
f 290/1344/641 310/474/263 294/481/287
f 293/489/265 294/481/287 291/486/290
f 228/1345/221 263/1346/643 291/486/290
f 264/1347/266 228/1345/221 292/483/267
f 280/464/276 317/461/278 282/463/275
f 282/463/275 278/465/280 280/464/276
f 376/1348/644 330/1349/308 403/1350/384 424/1351/382
f 285/476/284 282/463/275 272/471/271
f 285/476/284 256/1352/298 284/1331/299
f 294/481/287 285/476/284 289/490/268
f 294/481/287 312/488/291 295/492/226
f 261/487/216 297/1353/264 312/488/291
f 656/1354/228 312/488/291 297/1353/264
f 286/478/285 314/479/230 285/476/284
f 285/476/284 221/475/207 256/1352/298
f 305/494/292 234/496/236 300/498/243
f 234/496/236 246/1355/246 244/497/244
f 305/494/292 299/493/260 301/502/256
f 309/1356/259 301/502/256 299/493/260
f 303/499/294 302/1357/296 304/500/252
f 307/1358/254 302/1357/296 308/503/295
f 302/1357/296 305/494/292 308/503/295
f 302/1357/296 307/1358/254 304/500/252
f 241/1359/253 304/500/252 307/1358/254
f 300/1360/243 233/1318/199 277/1317/281
f 278/1361/280 300/1360/243 277/1317/281
f 247/407/234 234/1321/236 305/1362/292
f 248/405/242 247/407/234 305/1362/292
f 305/1362/292 302/504/296 248/405/242
f 249/1322/240 303/1115/294 657/410/249
f 306/1324/247 304/413/252 240/412/251
f 237/506/257 236/419/237 301/418/256
f 281/467/282 214/1363/222 298/495/293
f 214/1363/222 252/1364/258 298/495/293
f 298/495/293 278/465/280 281/467/282
f 283/1365/283 216/511/297 281/510/282
f 216/511/297 283/1365/283 253/1366/261
f 255/513/232 254/426/262 284/515/299
f 310/430/263 290/1367/641 258/428/219
f 295/1368/226 260/516/224 294/518/287
f 227/439/218 292/438/267 265/1335/217
f 266/1369/269 288/1370/300 267/1371/302
f 313/521/286 269/444/223 268/522/301
f 269/444/223 313/521/286 314/445/230
f 315/447/231 286/1372/285 287/448/270
f 274/528/203 218/456/274 282/457/275
f 279/1373/279 275/1374/642 316/1375/204
f 242/357/201 212/356/200 276/1297/277
f 317/1376/278 276/1377/277 275/1374/642
f 317/1376/278 275/1374/642 279/1373/279
f 318/529/303 320/548/322 380/530/304
f 319/559/333 320/548/322 318/529/303
f 320/548/322 324/532/306 380/530/304
f 321/1378/645 361/547/321 320/548/322
f 361/547/321 321/1378/645 360/1379/400
f 361/547/321 360/1379/400 322/1380/357
f 377/550/324 379/1381/408 324/532/306
f 377/550/324 326/1382/646 379/1381/408
f 330/534/308 376/1383/644 327/535/309
f 327/535/309 376/1383/644 329/1384/383
f 325/536/310 331/541/315 375/551/325
f 331/541/315 392/1385/407 374/1386/368
f 331/541/315 325/536/310 333/542/316
f 334/540/314 396/1387/405 331/541/315
f 331/541/315 396/1387/405 392/1385/407
f 373/1388/404 333/542/316 335/539/313
f 335/539/313 339/546/320 373/1388/404
f 373/1388/404 339/546/320 401/1389/403
f 383/569/343 318/529/303 381/531/305
f 320/548/322 325/536/310 324/532/306
f 362/549/323 363/554/328 325/536/310
f 338/552/326 367/553/327 368/1390/401
f 340/1391/364 338/552/326 368/1390/401
f 371/1392/402 338/552/326 370/1393/392
f 320/548/322 319/559/333 358/562/336
f 342/556/330 413/1394/348 355/557/331
f 358/562/336 343/561/335 357/1395/647
f 345/570/344 344/560/334 347/1396/626
f 356/565/339 346/564/338 344/560/334
f 346/564/338 347/1396/626 344/560/334
f 352/568/342 353/558/332 318/529/303
f 353/558/332 341/555/329 319/559/333
f 344/560/334 319/559/333 341/555/329
f 344/560/334 349/566/340 343/561/335
f 345/570/344 351/1397/352 350/567/341
f 352/573/342 412/572/346 353/675/332
f 353/675/332 406/574/347 342/576/330
f 414/680/394 341/681/329 355/677/331
f 341/681/329 356/579/339 344/1398/334
f 347/1146/626 416/1145/396 345/1399/344
f 417/584/353 418/1400/354 349/586/340
f 357/1401/647 407/1402/648 358/592/336
f 358/592/336 388/591/356 320/1403/322
f 321/1404/645 320/1403/322 388/591/356
f 390/594/358 362/688/323 361/595/321
f 362/688/323 404/1405/359 363/1406/328
f 363/1407/328 404/596/359 328/598/311
f 328/598/311 364/1408/649 332/601/312
f 364/1408/649 398/599/361 332/601/312
f 336/1409/318 365/1410/317 366/1411/386
f 397/603/362 335/602/313 336/1412/318
f 370/693/392 338/606/326 369/605/363
f 421/695/388 338/1413/326 371/696/402
f 338/1413/326 421/695/388 337/698/319
f 337/698/319 422/608/365 339/610/320
f 395/1414/389 333/1415/316 373/701/404
f 330/1349/308 375/616/325 403/1350/384
f 360/685/400 321/1404/645 388/591/356 420/686/378
f 425/619/370 327/1416/309 329/710/383
f 425/619/370 377/618/324 327/1416/309
f 378/617/369 326/1417/646 377/618/324
f 426/1418/381 379/1419/408 326/1420/646
f 430/628/345 384/630/375 412/1421/346
f 386/632/376 384/630/375 429/629/374
f 80/1179/79 49/1178/18 48/1422/20 94/1423/80
f 390/634/358 388/635/356 386/632/376
f 378/642/369 426/644/381 326/1424/646
f 375/1425/325 393/648/385 403/647/384
f 387/633/377 364/1426/649 391/1427/360
f 387/633/377 395/654/389 364/1426/649
f 394/1428/406 395/654/389 393/648/385
f 392/1429/407 396/1430/405 393/648/385
f 394/1428/406 393/648/385 396/1430/405
f 398/651/361 395/654/389 397/649/362
f 398/651/361 364/1426/649 395/654/389
f 400/652/387 395/654/389 423/657/390
f 423/657/390 422/656/365 400/652/387
f 401/1431/403 399/655/367 423/657/390
f 402/660/391 395/654/389 421/653/388
f 429/629/374 385/639/379 386/632/376
f 387/633/377 386/632/376 385/639/379
f 428/638/371 427/643/372 387/633/377
f 395/654/389 387/633/377 393/648/385
f 403/647/384 387/633/377 424/645/382
f 404/1432/359 387/633/377 391/1427/360
f 387/633/377 404/1432/359 389/641/380
f 359/631/355 405/1433/399 419/666/395
f 405/1433/399 407/1434/648 419/666/395
f 408/670/351 409/667/350 416/668/396
f 348/1435/337 409/667/350 408/670/351
f 354/662/393 384/630/375 359/631/355
f 410/665/349 417/672/353 411/673/398
f 351/1436/352 411/673/398 417/672/353
f 356/579/339 341/681/329 410/577/349
f 416/1145/396 411/1437/398 345/1399/344
f 419/1438/395 343/587/335 418/589/354
f 357/1439/647 343/587/335 419/1438/395
f 419/1438/395 407/1440/648 357/1439/647
f 358/592/336 407/1402/648 405/682/399
f 473/794/422 440/893/512 531/895/501 501/1441/495
f 404/1405/359 362/688/323 389/687/380
f 364/1408/649 328/598/311 391/597/360
f 398/599/361 366/1442/386 365/600/317
f 336/1412/318 366/1443/386 397/603/362
f 340/607/364 402/692/391 369/605/363
f 373/701/404 423/703/390 395/1414/389
f 333/1415/316 395/1414/389 394/706/406
f 333/1415/316 394/706/406 334/705/314
f 392/708/407 375/616/325 374/615/368
f 329/1444/383 376/1445/644 424/1446/382
f 427/622/372 324/621/306 426/712/381
f 385/714/379 380/713/304 323/1447/307
f 385/714/379 382/717/373 381/715/305
f 432/722/412 431/720/410 456/719/409
f 456/719/409 453/758/448 432/722/412
f 435/747/437 432/722/412 434/724/414
f 434/724/414 467/723/413 468/725/415
f 471/726/416 468/725/415 470/1448/511
f 448/1449/650 437/1450/491 435/747/437
f 485/1451/651 486/750/440 442/736/426
f 440/1452/512 473/732/422 438/729/419
f 446/742/432 445/733/423 443/740/430
f 445/733/423 444/741/431 483/734/424
f 444/741/431 445/733/423 446/742/432
f 481/1453/498 444/741/431 480/743/433
f 435/747/437 439/731/421 448/1449/650
f 436/748/438 452/1454/652 438/729/419
f 486/750/440 438/729/419 442/736/426
f 442/736/426 438/729/419 445/733/423
f 443/740/430 532/752/442 450/1455/500
f 487/730/420 438/729/419 441/749/439
f 452/1454/652 440/1452/512 438/729/419
f 454/754/444 453/758/448 455/755/445
f 453/758/448 456/719/409 455/755/445
f 453/758/448 457/760/450 466/1456/463
f 522/764/454 458/759/449 463/762/452
f 660/761/451 458/759/449 527/1457/653
f 458/759/449 465/765/455 459/1458/654
f 458/759/449 459/1458/654 457/760/450
f 456/768/409 460/772/459 455/771/445
f 524/1459/507 454/775/444 461/1460/446
f 527/1461/653 458/774/449 462/776/460
f 465/1462/455 526/1463/510 459/1464/654
f 466/783/463 520/1465/655 515/784/464
f 432/787/412 453/785/448 515/784/464
f 436/791/438 514/790/467 452/1466/652
f 531/867/501 499/837/487 506/850/494 501/856/495
f 501/1441/495 504/792/468 473/794/422
f 505/801/441 479/802/471 478/804/429
f 510/1141/499 532/805/442 449/807/472
f 443/808/430 533/810/474 507/898/496
f 443/808/430 507/898/496 446/1467/432
f 482/811/475 444/813/431 508/1468/435
f 484/904/425 502/815/476 442/814/426
f 536/1469/492 442/1470/426 503/1471/477
f 485/1472/651 442/1470/426 536/1469/492
f 536/1473/492 486/817/440 485/1474/651
f 486/817/440 536/1473/492 537/818/478
f 512/906/513 451/1475/443 441/819/439
f 487/1476/420 451/821/443 500/820/479
f 437/1477/491 539/911/488 435/1478/437
f 435/1478/437 539/911/488 433/910/417
f 431/915/410 491/914/484 490/918/411
f 447/1479/436 490/918/411 492/917/481
f 495/877/458 497/831/465 519/878/505
f 469/834/485 497/831/465 472/836/466
f 489/830/483 488/1480/418 497/831/465
f 496/840/490 497/831/465 488/1480/418
f 581/970/560 580/969/548 579/1481/656 640/1482/612
f 536/844/492 503/848/477 511/845/493
f 507/857/496 533/862/474 510/864/499
f 507/857/496 506/850/494 482/854/475
f 494/876/482 491/832/484 497/831/465
f 496/840/490 498/839/489 497/831/465
f 511/845/493 499/837/487 537/846/478
f 511/845/493 506/850/494 499/837/487
f 512/1483/513 537/846/478 499/837/487
f 479/1484/471 505/851/441 510/864/499
f 479/1484/471 510/864/499 449/1485/472
f 512/1483/513 499/837/487 513/843/480
f 515/1486/464 516/1487/462 519/878/505
f 524/880/507 461/868/446 460/870/459
f 460/870/459 517/879/506 524/880/507
f 515/1488/464 520/1489/655 516/1487/462
f 521/873/503 530/881/508 522/871/454
f 522/871/454 528/1490/461 523/872/502
f 530/881/508 521/873/503 526/1491/510
f 497/831/465 495/877/458 494/876/482
f 462/874/460 524/880/507 521/873/503
f 456/768/409 495/770/458 517/885/506
f 462/776/460 454/775/444 524/1459/507
f 527/1461/653 462/776/460 523/1492/502
f 527/1493/653 523/1137/502 660/779/451
f 522/1139/454 525/1133/509 464/1135/453
f 530/1494/508 526/1463/510 465/1462/455
f 519/886/505 457/782/450 526/887/510
f 459/1495/654 526/887/510 457/782/450
f 516/780/462 520/1496/655 466/781/463
f 469/890/485 468/892/415 467/786/413
f 470/1497/511 469/1498/485 471/1499/416
f 472/789/466 436/791/438 434/1500/414
f 434/1500/414 471/1499/416 472/789/466
f 471/1499/416 469/1498/485 472/789/466
f 440/893/512 452/1501/652 514/894/467
f 507/898/496 480/900/433 446/1467/432
f 444/1502/431 481/1503/498 535/902/434
f 451/1475/443 512/906/513 513/1504/480
f 448/1505/650 439/823/421 498/908/489
f 448/1505/650 498/908/489 437/1506/491
f 431/915/410 488/1507/418 489/913/483
f 494/1508/482 492/917/481 491/914/484
f 542/919/514 544/925/520 602/920/515
f 585/1509/563 543/924/519 582/1510/615
f 582/1510/615 642/1511/564 585/1509/563
f 551/935/530 544/925/520 545/932/527
f 543/924/519 545/932/527 544/925/520
f 544/925/520 551/935/530 548/934/529
f 595/933/528 552/1512/657 550/948/543
f 615/1513/619 550/948/543 552/1512/657
f 552/1512/657 649/1514/620 615/1513/619
f 553/931/526 590/937/532 595/933/528
f 552/1512/657 595/933/528 554/1515/569
f 554/1515/569 555/1516/658 552/1512/657
f 552/1512/657 555/1516/658 649/1514/620
f 586/940/535 589/939/534 590/937/532
f 558/949/544 556/943/538 590/937/532
f 590/937/532 553/931/526 586/940/535
f 587/1517/567 588/941/536 586/940/535
f 645/944/539 590/937/532 592/942/537
f 557/938/533 646/945/540 594/1518/588
f 593/1519/659 646/945/540 645/944/539
f 601/926/521 602/920/515 544/925/520
f 545/932/527 543/924/519 585/1509/563
f 549/930/525 545/932/527 559/1520/617
f 575/1521/610 563/923/518 574/956/551
f 564/1522/550 573/1523/599 574/956/551
f 565/1524/613 580/953/548 569/954/549
f 565/1524/613 579/1525/656 580/953/548
f 578/960/555 570/959/554 566/958/553
f 566/958/553 577/1526/623 578/960/555
f 576/1527/611 567/957/552 570/959/554
f 571/1528/606 570/959/554 568/961/556
f 571/1528/606 565/1529/613 570/959/554
f 542/919/514 541/921/516 572/922/517
f 563/923/518 575/1521/610 569/954/549
f 570/959/554 569/954/549 576/1527/611
f 570/959/554 565/1529/613 569/954/549
f 563/967/518 635/966/559 564/1062/550
f 635/966/559 629/1060/597 564/1062/550
f 627/1064/598 575/1063/610 574/1530/551
f 575/1063/610 576/1067/611 569/1531/549
f 566/1123/553 637/1532/660 658/1121/602
f 577/1125/623 638/1124/605 578/1533/555
f 630/1534/601 565/1069/613 571/1535/606
f 565/1069/613 640/1068/612 579/1536/656
f 542/972/514 563/968/518 581/970/560
f 542/972/514 606/971/561 543/1073/519
f 583/1071/579 642/1537/564 582/1072/615
f 585/974/563 608/1074/616 545/1538/527
f 559/1075/617 545/1538/527 608/1074/616
f 549/1078/525 613/1077/590 553/978/526
f 613/1077/590 620/976/565 553/978/526
f 617/984/568 591/1539/592 590/982/532
f 558/1540/544 590/982/532 591/1539/592
f 560/1541/593 558/1540/544 591/1539/592
f 622/1542/591 558/1543/544 560/1544/593
f 562/1545/546 558/1543/544 622/1542/591
f 556/1546/538 561/1130/545 623/1132/625
f 556/1546/538 623/1132/625 644/1083/587
f 556/1546/538 644/1083/587 592/1085/537
f 614/1091/585 595/986/528 557/1089/533
f 595/986/528 614/1091/585 647/987/570
f 555/1547/658 554/985/569 648/1548/582
f 555/1549/658 616/1550/583 649/1093/620
f 597/1551/547 611/1552/596 598/1553/531
f 609/1098/594 548/1100/529 598/1099/531
f 546/998/524 599/1554/580 600/999/575
f 604/1555/558 541/1008/516 653/1007/577
f 653/1007/577 654/1556/557 604/1555/558
f 583/1016/579 606/1034/561 584/1014/562
f 647/1023/570 596/1557/572 612/1021/581
f 617/1026/568 613/1036/590 614/1027/585
f 622/1037/591 617/1026/568 644/1029/587
f 643/1035/589 620/1032/565 613/1036/590
f 643/1035/589 618/1030/566 620/1032/565
f 619/1025/584 621/1028/586 617/1026/568
f 619/1025/584 645/1558/539 621/1028/586
f 645/1558/539 619/1025/584 593/1559/659
f 644/1029/587 623/1560/625 622/1037/591
f 652/1012/576 584/1014/562 605/1009/578
f 607/1018/574 584/1014/562 652/1012/576
f 650/1561/522 600/1019/575 652/1012/576
f 584/1014/562 607/1018/574 609/1040/594
f 608/1562/616 584/1014/562 609/1040/594
f 610/1042/595 624/1041/571 596/1557/572
f 613/1036/590 610/1042/595 614/1027/585
f 614/1027/585 610/1042/595 596/1557/572
f 596/1557/572 647/1023/570 614/1027/585
f 562/1563/546 622/1037/591 623/1560/625
f 609/1040/594 626/1564/618 608/1562/616
f 626/1564/618 609/1040/594 610/1042/595
f 629/1046/597 628/1565/609 627/1047/598
f 630/1051/601 581/1050/560 631/1566/614
f 581/1050/560 640/1567/612 631/1566/614
f 636/1057/607 638/1055/605 632/1054/604
f 637/1568/660 633/1053/603 658/1052/602
f 639/1569/624 658/1052/602 638/1055/605
f 654/1011/557 653/1570/577 605/1009/578
f 605/1009/578 641/1049/600 635/1010/559
f 641/1049/600 628/1565/609 635/1010/559
f 641/1049/600 627/1047/598 628/1565/609
f 627/1047/598 641/1049/600 630/1051/601
f 630/1051/601 632/1054/604 633/1053/603
f 659/1571/622 636/1057/607 634/1058/608
f 634/1058/608 632/1054/604 571/1056/606
f 576/1067/611 575/1063/610 633/1065/603
f 636/1572/607 578/1533/555 638/1124/605
f 634/1128/608 571/1573/606 568/1129/556
f 565/1069/613 630/1534/601 631/1070/614
f 651/1005/542 605/1574/578 653/1575/577 603/1576/541
f 606/971/561 581/970/560 641/1577/600
f 641/1577/600 605/1578/578 606/971/561
f 559/1579/617 626/1580/618 549/1581/525
f 626/1582/618 610/1079/595 549/1078/525
f 620/976/565 587/1583/567 586/977/535
f 589/983/534 618/1081/566 643/1082/589
f 621/1084/586 645/1584/539 592/1085/537
f 593/1585/659 619/1088/584 646/1087/540
f 554/985/569 647/987/570 648/1548/582
f 616/1586/583 555/1547/658 648/1548/582
f 616/1550/583 612/1094/581 649/1093/620
f 596/990/572 550/991/543 615/1095/619
f 551/989/530 624/988/571 625/993/573
f 597/1551/547 625/1587/573 611/1552/596
f 599/1554/580 546/998/524 547/1588/523
f 651/1005/542 602/1003/515 652/1002/576
f 604/1589/558 572/922/517 541/921/516
f 117/1286/121 655/1285/639 155/1590/634
f 262/436/220 291/519/290 263/1591/643
f 264/1592/266 227/1593/218 228/1594/221
f 249/1595/240 248/405/242 303/505/294
f 234/392/236 243/391/235 245/1596/245
f 138/1116/189 139/1597/188 129/1117/132
f 567/1598/552 637/1532/660 566/1123/553
f 658/1121/602 639/1599/624 577/1122/623
f 637/1600/660 567/1066/552 633/1065/603
f 659/1601/622 578/1533/555 636/1572/607
f 530/1494/508 465/1462/455 529/1602/457
f 534/899/497 481/1603/498 480/900/433
f 348/1604/337 356/579/339 409/578/350
f 351/1605/352 345/1399/344 411/1437/398
f 16/157/24 81/156/77 98/1606/627
f 25/58/38 87/1607/630 34/1608/39
f 25/58/38 32/57/52 87/1607/630
f 33/1609/40 24/1164/37 31/1163/93
f 37/1610/47 36/1168/46 88/1205/92
